id,domain,status,purchase_price,renewal_price,attractiveness,demand,length,registrar,created_at,expires_at,status_verified_at
4fba6be2-0461-472f-a2ba-daa5792cedd4,bituminous.clothing,available,19.99,46.99,high,low,10,name.com,,,10/08/2026 08:53
8c2dc3b6-aacb-42f4-8577-3a555416c3b0,trump.clothing,resell,,,high,medium,5,"GoDaddy.com, LLC",16/11/2022 03:09,16/11/2026 03:09,09/08/2026 17:49
57c68061-babc-42d4-b955-18d1c4f817a4,pulverized.clothing,available,19.99,46.99,medium,low,10,name.com,,,18/08/2026 04:41
052833d2-f29d-49ea-9e85-1d5dd353e4bc,cells.clothing,available,19.99,,high,low,5,name.com,,,
5d0a8a4b-1a98-439b-b5c7-7d5993624d2d,avo.clothing,available,32.99,32.99,high,low,3,namesilo,,,21/09/2026 09:36
12fb2f62-e4e2-430a-a9ad-77bdbbf1f0ff,abdias.clothing,available,32.99,32.99,medium,low,6,namesilo,,,16/09/2026 14:41
14ec0266-bea0-4819-907d-be22614fa49a,squanderer.clothing,available,31.98,35.68,medium,low,10,namecheap,,,09/09/2026 02:39
07c93129-a948-40ab-98d3-0aaba596c88b,cattle.clothing,available,32.99,32.99,high,low,6,namesilo,,,25/09/2026 01:59
7d31c421-0554-4774-bee7-bc218ee761db,stockholm.clothing,available,19.99,,high,low,9,name.com,,,
7ea7d798-ffd2-4bce-9b01-3346237a62b9,villain.clothing,available,32.99,32.99,high,low,7,namesilo,,,21/09/2026 16:58
8039bd18-e88b-4099-a6ea-bce4448117e5,waited.clothing,available,32.99,32.99,medium,low,6,namesilo,,,18/09/2026 01:45
62392848-dc5c-40a5-9f2c-dd7a6ab1f932,unlabelled.clothing,available,31.98,35.68,medium,low,10,namecheap,,,12/09/2026 14:33
705233cd-6903-45f1-bd83-3aba58c88188,developing.clothing,available,32.99,32.99,high,low,10,namesilo,,,24/09/2026 07:59
02eab3f0-01d2-408d-bf93-38654ccb0c45,sluicing.clothing,available,31.98,35.68,medium,low,8,namecheap,,,10/09/2026 11:31
1b008b02-167a-448b-8d65-239d6ab11710,oakland.clothing,available,19.99,,high,low,7,name.com,,,
29c5aeb3-3192-463b-af93-dbaad9c40d94,adobe.clothing,available,,,high,high,5,,,,
1c58dd0a-ec7a-4859-a5af-4d5f7e55a112,missile.clothing,available,19.99,,high,low,7,name.com,,,
1a722f7a-bdd9-4bfb-8730-7935ef6e21a9,breakable.clothing,available,19.99,46.99,medium,low,9,name.com,,,11/08/2026 02:59
368c5d84-1ebb-488b-8d26-833c8dcf8194,armillaria.clothing,available,32.99,32.99,medium,low,10,namesilo,,,20/09/2026 07:07
e4012f1b-582e-406e-9c54-91b4d10903fd,bessel.clothing,available,32.99,32.99,medium,low,6,namesilo,,,23/09/2026 10:26
96ba55db-533e-4662-8d55-52d8431cc78e,bewitched.clothing,available,19.99,46.99,medium,low,9,name.com,,,09/08/2026 18:17
f4a431a3-bf53-4e62-a8ff-5f8513fda6c3,sticky.clothing,available,19.99,46.99,high,low,6,name.com,,,16/08/2026 07:55
232b376f-a4d1-4e7d-a5e4-178539887fb7,joyfully.clothing,available,31.98,35.68,high,low,8,namecheap,,,14/09/2026 21:32
c8235c51-d1dc-46e8-9adc-3cc303dfc495,arity.clothing,available,32.99,32.99,medium,low,5,namesilo,,,20/09/2026 06:02
01e6a95b-89ab-4d88-b66f-2faaa29bb1ed,unarmed.clothing,available,31.98,35.68,medium,low,7,namecheap,,,12/09/2026 01:00
ab677752-1b27-48f3-a218-2ed5f7481968,knobby.clothing,available,19.99,46.99,medium,low,6,name.com,,,22/08/2026 16:29
03d06aca-c3f9-4202-831e-65fbf373e4d2,clive.clothing,available,19.99,46.99,high,low,5,name.com,,,22/09/2026 07:05
2a470536-c687-480f-a827-c6ed17164105,ironically.clothing,available,31.98,35.68,medium,low,10,namecheap,,,15/09/2026 09:24
aad02225-1c55-47f7-9eb2-a51ea60e9aee,mockingly.clothing,available,31.98,35.68,medium,low,9,namecheap,,,14/09/2026 12:02
ee07fd6b-0e72-4bd7-90d1-2e4c0f235dd8,boob.clothing,available,19.99,,high,low,4,name.com,,,
c8b77393-8230-425e-b35d-b258971731df,brightness.clothing,available,19.99,,high,low,10,name.com,,,
6c3b8b49-3006-4c56-aeee-90d429fdcd27,packaged.clothing,available,31.98,35.68,high,low,8,namecheap,,,04/09/2026 22:44
28844749-3bb8-4e9a-87db-da8cad20c471,bliss.clothing,resell,,,high,medium,5,,,,24/09/2026 06:14
9f1a9169-85c8-46cf-9236-28728143457a,lite.clothing,available,19.99,46.99,high,low,4,name.com,,,11/08/2026 15:09
be38d729-659e-4df7-a227-f2b0d2d82321,bathyal.clothing,available,19.99,46.99,low,low,7,name.com,,,09/08/2026 01:34
2811c9d9-27cb-4a77-bb64-e9b657df4f88,abrasive.clothing,available,19.99,46.99,high,low,8,name.com,,,
89355603-166c-4a14-8882-2b7c978f6d50,abiders.clothing,available,32.99,32.99,medium,low,7,namesilo,,,18/09/2026 03:55
e989ad29-a976-4c6e-85a6-b11d87438d00,barbara.clothing,premium,78.54,78.54,high,low,7,namesilo,,,25/09/2026 11:55
27388cfb-0212-4ba8-a49d-72d54485aeaf,motored.clothing,available,19.99,46.99,medium,low,7,name.com,,,25/08/2026 08:30
b3f6a669-72ad-4dd6-8904-01d0042286e3,prudishly.clothing,available,31.98,35.68,low,low,9,namecheap,,,15/09/2026 21:53
f661a974-bb34-4afe-b0c2-c0a20e3afbab,secret.clothing,available,31.98,35.68,high,medium,6,namecheap,,,23/09/2026 14:41
19fe475d-f422-4f04-8352-745992bf359c,amidships.clothing,available,19.99,46.99,medium,low,9,name.com,,,
0385a7e0-c634-4b1e-a6f1-86ede9ae889e,skies.clothing,available,32.99,32.99,high,low,5,namesilo,,,18/09/2026 07:49
3d446a6a-6a56-44c6-80f8-cae1a7db8637,equipment.clothing,available,32.99,32.99,high,low,9,namesilo,,,25/09/2026 10:35
44de8bf1-a86b-4ec6-be00-047ea22ff41f,realistic.clothing,available,31.98,35.68,high,low,9,namecheap,,,03/09/2026 13:57
627693fa-be0d-4d25-ab0d-ee5cbfd3c8dc,beery.clothing,available,19.99,46.99,medium,low,5,name.com,,,09/08/2026 08:12
be0c42fc-f99c-4d88-acf0-553f0ca13939,vigor.clothing,available,19.99,,high,low,5,name.com,,,
cde749ee-6693-4ed9-96bd-65d20269b15f,recklessly.clothing,available,31.98,35.68,medium,low,10,namecheap,,,15/09/2026 22:49
08b7dbb5-69bd-4f12-a3ef-ed8595928cea,strep.clothing,available,31.98,35.68,medium,low,5,namecheap,,,10/09/2026 22:28
21806100-f6de-46a9-a426-bb6ee1a2fb02,knavish.clothing,available,19.99,46.99,medium,low,7,name.com,,,13/08/2026 04:34
26a9ae2e-311b-4c31-be85-6e3be12a6692,acervulus.clothing,available,31.98,35.68,medium,low,9,namecheap,,,16/09/2026 23:44
43b14d8a-0e72-4dfd-9879-2ed667f2aa6b,whereby.clothing,available,19.99,,medium,low,7,name.com,,,
a8d20ff1-6918-45d0-81d2-a1beb2179ee9,hayastan.clothing,available,32.99,32.99,medium,low,8,namesilo,,,20/09/2026 06:40
2c46cdc8-f27c-466e-93bb-5e9709684407,iddm.clothing,available,32.99,32.99,medium,low,4,namesilo,,,21/09/2026 06:41
ef66eb7f-b249-4967-a069-1f6973560799,nanus.clothing,available,19.99,46.99,medium,low,5,name.com,,,24/08/2026 22:32
346239de-4738-449f-91af-c36fa7973661,underfoot.clothing,available,32.99,32.99,medium,low,9,namesilo,,,16/09/2026 09:56
5628f1ec-5147-4a9b-92f6-4e1cd29f2ba9,tyrolean.clothing,available,31.98,35.68,medium,low,8,namecheap,,,11/09/2026 22:33
9f3be4b2-4a78-4447-99e8-a02a238acef8,cupidity.clothing,available,32.99,32.99,medium,low,8,namesilo,,,21/09/2026 08:48
65b78e7a-e1a4-4368-9f3b-63787ccf79cf,hauteur.clothing,available,32.99,32.99,medium,low,7,namesilo,,,20/09/2026 09:20
c21d665a-b286-4854-938e-5520620bf1b2,accusing.clothing,available,19.99,46.99,medium,low,8,name.com,,,
913de2e0-e81f-44f2-8e51-dc8f58beae46,simon.clothing,available,32.99,32.99,high,medium,5,namesilo,,,25/09/2026 07:17
6a1c5818-079c-4c58-ac37-3f7792f70ba6,doubly.clothing,available,31.98,35.68,medium,low,6,namecheap,,,14/09/2026 13:48
374bb67b-4984-48d3-b25e-48c2ecaa4ea8,blackmailing.clothing,available,19.99,,medium,low,12,name.com,,,
ce83e52f-0156-414d-a820-32940fbdfb02,tempered.clothing,available,31.98,35.68,high,low,8,namecheap,,,11/09/2026 10:50
824a5a6e-93ff-4764-8745-20cc2d4cf1ff,preferably.clothing,available,31.98,35.68,medium,low,10,namecheap,,,15/09/2026 21:14
58eaf7b7-5c4d-4e01-89cb-43d4bdac4d42,spirited.clothing,available,19.99,,high,low,8,name.com,,,
bdfd9195-b93a-41a9-814d-e2cfe5ee6d4d,keyless.clothing,available,19.99,46.99,medium,low,7,name.com,,,22/08/2026 15:44
40e5bead-b88d-4278-998c-49957a97b64e,unreserved.clothing,available,31.98,35.68,medium,low,10,namecheap,,,12/09/2026 18:21
65df4312-b6c0-4f48-a601-24c8471ed00e,opposition.clothing,available,31.98,35.68,high,low,10,namecheap,,,04/09/2026 16:40
b9a98aea-1507-428f-9d9a-2c11e14152bb,cyborg.clothing,available,31.98,35.68,high,low,6,namecheap,,,23/09/2026 18:37
7d669987-a057-4f7b-9d49-fa7308a4f414,side.clothing,available,19.99,,high,low,4,name.com,,,
73ab4654-3f44-4904-a4ca-675fc6e3148b,floury.clothing,available,19.99,46.99,medium,low,6,name.com,,,18/08/2026 09:00
82ac74ed-bc75-4814-b4d9-c095f14f76dc,depression.clothing,available,31.98,35.68,medium,low,10,namecheap,,,25/09/2026 14:31
c96b0df7-850c-4ebc-8ba3-d7146dee2b4b,prowlers.clothing,available,32.99,32.99,low,low,8,namesilo,,,20/09/2026 12:42
042980b3-b529-4466-b752-6c703e85eb60,unfunded.clothing,available,31.98,35.68,medium,low,8,namecheap,,,12/09/2026 11:04
773e8f2b-c4ee-4ee7-9701-ef6afcaeab76,slothful.clothing,available,19.99,46.99,medium,low,8,name.com,,,17/08/2026 20:58
c73f2507-1f14-4a65-9082-807db992306e,yonder.clothing,available,31.98,35.68,high,low,6,namecheap,,,13/09/2026 14:45
1a10c936-5a62-4935-a2c1-36c10f1b7ac5,hurtful.clothing,available,19.99,46.99,medium,low,7,name.com,,,14/08/2026 00:28
852ede29-da48-4ead-b405-5bfd5090dcb2,department.clothing,available,19.99,,high,low,10,name.com,,,
cd3fe8cf-6280-4b27-b594-7efcb8dfc529,counting.clothing,available,32.99,32.99,high,low,8,namesilo,,,25/09/2026 04:26
6a4c6886-4090-4ea4-8450-8d3a276e79f7,outlet.clothing,premium,78.54,78.54,high,low,6,namesilo,,,
37ef691f-3a83-480a-ad9a-641a28ebedc6,perennial.clothing,available,31.98,35.68,high,low,9,namecheap,,,08/09/2026 16:26
57d6984e-16db-4970-a558-f0c6bc2a5717,bhang.clothing,available,32.99,32.99,medium,low,5,namesilo,,,23/09/2026 12:34
30d93a4a-edfd-499f-8a96-0e561401629d,ammonite.clothing,available,31.98,35.68,high,low,8,namecheap,,,18/09/2026 22:08
a67d1e0b-2067-4bb6-af0d-14b443208524,blab.clothing,available,31.98,35.68,high,low,4,namecheap,,,23/09/2026 23:33
d935f5b3-1873-4ab4-9ce7-95ea2db553f0,nash.clothing,available,19.99,,high,low,4,name.com,,,
373ccacc-ecca-478a-bf43-47c323f8f8b9,mammary.clothing,available,19.99,46.99,medium,low,7,name.com,,,24/08/2026 14:23
a0bea380-6c28-4351-a612-3074f363c1fe,cigarette.clothing,available,32.99,32.99,high,low,9,namesilo,,,25/09/2026 04:15
8a457c61-59a7-4306-8b45-bd6b2b341ca1,damn.clothing,available,32.99,32.99,high,low,4,namesilo,,,22/09/2026 00:35
fc0dbffa-578e-4b05-b833-cf9b8ac4d167,arquebus.clothing,available,31.98,35.68,high,low,8,namecheap,,,20/09/2026 08:40
7a1c1a89-6cbe-4504-803b-051092c77230,alright.clothing,available,32.99,32.99,high,low,7,namesilo,,,22/09/2026 01:15
7959f377-ea34-4296-8bff-675fc877602e,rican.clothing,available,32.99,32.99,high,low,5,namesilo,,,25/09/2026 13:13
ce223a5c-c4d8-4d3a-801a-48bc2f06bfa9,hoary.clothing,available,19.99,46.99,medium,low,5,name.com,,,20/08/2026 19:20
2d5b2344-10ee-42af-ae92-edd9e05adea8,jocular.clothing,available,19.99,46.99,high,low,7,name.com,,,22/08/2026 12:57
8fade236-f6b5-45d7-ae2a-e5cf89fc1f07,overmuch.clothing,available,31.98,35.68,medium,low,8,namecheap,,,04/09/2026 21:13
9c71f882-d885-429d-9ab9-f179e8f75fc7,trophic.clothing,available,31.98,35.68,medium,low,7,namecheap,,,11/09/2026 20:22
2249ada2-7dd9-4976-b0df-f136cb46ac42,erectile.clothing,available,19.99,46.99,medium,low,8,name.com,,,17/08/2026 12:07
4c590d73-091d-4113-bec8-f74f598024c9,retracted.clothing,available,19.99,,medium,low,9,name.com,,,
a372ccbe-5344-48f5-a55d-9e0d17babbd1,stephanie.clothing,available,32.99,32.99,high,low,9,namesilo,,,25/09/2026 14:12
81edbdc9-fcb2-4658-9b04-2f2f96cc9f02,derogative.clothing,available,19.99,46.99,medium,low,10,name.com,,,14/08/2026 03:10
a30609d0-8086-4b3b-ac62-c1c97d3b8c04,syncopated.clothing,available,31.98,35.68,high,low,10,namecheap,,,11/09/2026 06:19
4b7a9d78-8416-4c86-9ab0-e91abfe49a87,conic.clothing,available,19.99,46.99,high,low,5,name.com,,,12/08/2026 20:39
dcce22ff-6832-4e8a-b0fe-1d8f998923af,barley.clothing,available,32.99,32.99,high,low,6,namesilo,,,22/09/2026 06:33
1b96a692-f15f-4671-9301-2b2a8fd79943,thievery.clothing,available,31.98,35.68,medium,low,8,namecheap,,,11/09/2026 13:20
dba988d4-4eb4-4d7c-af4d-0a795991c03f,chimney.clothing,available,19.99,,high,low,7,name.com,,,
22c5e1ff-4314-4abc-90a6-7c2c70945fe6,hostility.clothing,available,32.99,32.99,medium,low,9,namesilo,,,19/09/2026 12:25
647ca5af-d5d5-4b29-9b8c-aeb8147e90bf,backplate.clothing,available,32.99,32.99,medium,low,9,namesilo,,,21/09/2026 15:46
f72934e6-52c4-4a98-a8bd-caa48bce9c81,polish.clothing,available,19.99,,high,low,6,name.com,,,
589c23c6-6eca-4b03-9052-187d997e5828,estimates.clothing,available,32.99,32.99,medium,low,9,namesilo,,,20/09/2026 04:10
5811bd17-c2d9-4c86-a36a-9e96ef1c5dc8,berretta.clothing,available,32.99,32.99,medium,low,8,namesilo,,,23/09/2026 10:07
ae3a21a4-fbfc-482d-8211-867cc800cd15,banderilla.clothing,available,32.99,32.99,medium,low,10,namesilo,,,22/09/2026 01:12
dc68b270-9cdf-4d9f-bcb9-2880c49854fa,indistinct.clothing,available,19.99,46.99,high,low,10,name.com,,,22/08/2026 03:14
32c23c61-826d-4001-bbd0-09cbe05c3144,aquitania.clothing,available,32.99,32.99,medium,low,9,namesilo,,,19/09/2026 23:18
6df62af4-600b-489a-a60f-6b907d07e160,dictator.clothing,available,19.99,46.99,high,low,8,name.com,,,07/08/2026 19:17
5f4b89e6-8a55-496b-89cf-adc6a67ac44d,barebacked.clothing,available,19.99,46.99,medium,low,10,name.com,,,08/08/2026 18:44
09b6fb83-ec4f-4320-a38d-dbebbf167120,forehead.clothing,available,19.99,,high,low,8,name.com,,,
c777c158-0691-475c-8a5e-5280f743485e,wolfsbane.clothing,available,32.99,32.99,medium,low,9,namesilo,,,17/09/2026 02:06
8345120b-075f-4e24-87f2-7f66f2b17865,some.clothing,available,32.99,32.99,high,low,4,namesilo,,,19/09/2026 12:35
3d8f4541-f567-44b7-9bb1-fd8b7b716829,localized.clothing,available,19.99,46.99,high,low,9,name.com,,,24/08/2026 08:45
e67e9126-c815-44f1-a53a-c956cb657c81,kurrat.clothing,available,32.99,32.99,medium,low,6,namesilo,,,18/09/2026 11:14
a89be400-9f88-44a6-aa9d-ed5198b986b7,muslim.clothing,available,19.99,46.99,high,medium,6,name.com,,,22/08/2026 10:45
901b1862-1767-4c6f-9daf-ad3ecfd4eb55,tangy.clothing,available,19.99,46.99,high,low,5,name.com,,,22/08/2026 23:32
d869598d-fc8a-4519-bf2b-89a987468dd0,gregg.clothing,available,19.99,,high,low,5,name.com,,,
33eebd6b-aed0-4320-b816-68c306b16b40,supermarket.clothing,available,19.99,,high,low,11,name.com,,,
ad0a59b8-9c71-4e03-b79b-7180b100230c,crazed.clothing,available,19.99,46.99,medium,low,6,name.com,,,13/08/2026 05:31
5e6b6e00-1538-4724-bf5e-cf6f286e6ed3,yearbook.clothing,available,19.99,,high,low,8,name.com,,,
1e0ccc33-fe21-4d36-9fbf-feda5d216fff,steuben.clothing,available,32.99,32.99,medium,low,7,namesilo,,,22/09/2026 07:05
3c1a9df8-b45e-430e-a5c7-e15296318d1b,arachnoid.clothing,available,19.99,46.99,medium,low,9,name.com,,,06/08/2026 11:41
f5022e6a-c34e-4c0b-b605-c0e7bcce7a46,latticed.clothing,available,19.99,46.99,medium,low,8,name.com,,,22/08/2026 08:06
45b2be25-8156-4517-92e9-50b32ed7e92b,continuously.clothing,available,19.99,,medium,low,12,name.com,,,
5746fbfd-77f2-46d4-96c5-d5c265dc08ad,blameless.clothing,available,19.99,46.99,high,low,9,name.com,,,10/08/2026 12:53
12d9c68f-85d3-496a-b6fa-fdb04b49d1dd,mandatory.clothing,available,31.98,35.68,high,low,9,namecheap,,,23/09/2026 18:22
5844cfb1-1ac1-48d9-85e7-4050eacd6ce8,jimmy.clothing,premium,118.8,118.8,high,low,5,namesilo,,,
d8a8ba80-8eda-477f-9d37-16ebba0bcd74,jolson.clothing,available,32.99,32.99,medium,low,6,namesilo,,,18/09/2026 01:21
b893c6fc-a5e2-4539-bff6-e042c8efe55f,averroes.clothing,available,31.98,35.68,medium,low,8,namecheap,,,16/09/2026 18:56
f79beed8-1770-45d5-b62d-e10af721b436,incline.clothing,available,19.99,,high,low,7,name.com,,,
95c9f7f5-fc3f-4377-aba0-c8ac5960aaee,carbonic.clothing,available,19.99,46.99,medium,low,8,name.com,,,11/08/2026 18:37
824a8c96-5aa2-4fcd-8acb-11370171f3e8,bootleg.clothing,available,31.98,35.68,high,low,7,namecheap,,,22/09/2026 21:19
446434de-0691-4b03-a7b6-9f6f5c1a234f,perforated.clothing,available,31.98,35.68,high,low,10,namecheap,,,08/09/2026 16:52
cd80cf1c-c98c-4985-92ef-d79400caab07,aleatory.clothing,available,19.99,46.99,medium,low,8,name.com,,,
8e1a5eec-34a6-431c-b5e8-a8175638258e,wellness.clothing,available,31.98,35.68,high,medium,8,namecheap,,,25/09/2026 02:52
ecd37e9d-4eac-4f03-a86f-b86cdedc1c62,contrabass.clothing,available,19.99,46.99,medium,low,10,name.com,,,12/08/2026 23:28
500e00b1-5d8e-442a-be80-a3bc12c03aba,documentation.clothing,available,19.99,,high,low,13,name.com,,,
a0fa8ca8-327d-4cd2-80ff-9e1e307cf247,niggle.clothing,available,31.98,35.68,medium,low,6,namecheap,,,23/09/2026 13:17
792f7158-e539-465b-962e-48f87488c1ed,lohan.clothing,available,31.98,35.68,medium,low,5,namecheap,,,20/09/2026 05:07
8adfac38-beeb-4f73-a007-26475a71f817,accompanying.clothing,available,32.99,32.99,high,low,12,namesilo,,,25/09/2026 03:29
13de3f35-d51a-4d71-83bc-31acabc30667,bettering.clothing,available,19.99,46.99,high,low,9,name.com,,,09/08/2026 18:11
e3a12008-ed9c-4f3d-a1eb-9ec752d7b6e6,orphaned.clothing,available,31.98,35.68,medium,low,8,namecheap,,,04/09/2026 18:01
b79f52dd-a20e-44ad-ad3e-3e9ce915ff97,unmade.clothing,available,19.99,46.99,medium,low,6,name.com,,,12/09/2026 15:15
1d90a168-f259-485b-b426-be1be4799ca3,essayer.clothing,available,32.99,32.99,medium,low,7,namesilo,,,21/09/2026 01:22
9dec1be3-f652-4d06-a71d-b5bbaa8eabf0,paterson.clothing,available,31.98,35.68,high,low,8,namecheap,,,25/09/2026 09:48
da20da03-7891-4d07-ba10-78613d6f6e61,uuq.clothing,available,32.99,32.99,medium,low,3,namesilo,,,20/09/2026 22:18
fb9bcc86-ddaa-4ee2-b9e6-1caf683738c1,scientist.clothing,available,31.98,35.68,high,low,9,namecheap,,,25/09/2026 04:30
12173558-9871-4b4b-893a-f84a23de6c76,tel.clothing,premium,500,,high,low,3,name.com,,,
5871a2d2-8d7f-4b15-a413-0cccf4c5f9c8,aberrance.clothing,available,32.99,32.99,medium,low,9,namesilo,,,16/09/2026 15:12
6d1185bf-8796-48b2-9575-5d3ea17a83bc,windflower.clothing,available,32.99,32.99,high,low,10,namesilo,,,19/09/2026 05:19
b317ff98-afd1-42bf-8891-8b601b19f30d,pyrenees.clothing,available,19.99,,high,low,8,name.com,,,
03706095-84cc-4fec-a355-0285c9a63932,ship.clothing,available,,,high,low,4,,,,
dbde5981-e494-46ee-91d7-0efdca54dc5c,monolithic.clothing,available,19.99,46.99,medium,low,10,name.com,,,24/08/2026 16:43
671e629a-d2c7-4433-abdc-d463db4fc58d,drone.clothing,available,32.99,32.99,high,medium,5,namesilo,,,25/09/2026 13:01
918d7969-6266-4d3b-88eb-3207dc862958,inwards.clothing,available,19.99,46.99,high,low,7,name.com,,,21/08/2026 23:32
3762de9a-143c-4928-81aa-01acd369c9a8,coastward.clothing,available,31.98,35.68,medium,low,9,namecheap,,,14/09/2026 07:23
5c4886b0-a989-4f6c-82c7-7d1ef78659ac,cauterize.clothing,available,19.99,46.99,medium,low,9,name.com,,,11/08/2026 14:34
6a5d8446-43f2-494a-8960-9b28402e42e1,reformer.clothing,available,32.99,32.99,high,low,8,namesilo,,,19/09/2026 15:23
84432ed0-2176-48ad-8b7d-c7f7fa86b666,visored.clothing,available,31.98,35.68,medium,low,7,namecheap,,,13/09/2026 06:15
35b521f9-0444-4d5d-85d6-acfa797cf4f5,arrhythmia.clothing,available,31.98,35.68,medium,low,10,namecheap,,,20/09/2026 09:13
2abea416-1826-49a1-94b3-dc937ebb1b82,fallacious.clothing,available,19.99,46.99,medium,low,10,name.com,,,13/08/2026 21:08
5b639ad6-8a58-4631-bf33-9a92852c1f97,als.clothing,premium,78.54,78.54,high,low,3,namesilo,,,18/09/2026 14:14
434a5230-3088-4188-a1ff-3efad5a82475,devout.clothing,available,19.99,46.99,high,low,6,name.com,,,14/08/2026 05:17
5bd4e6a6-27b9-4fb5-8808-01d4f10e933e,hipaa.clothing,available,19.99,,high,low,5,name.com,,,
006f82e0-99df-45c4-aa2d-1a8ad1f69aca,composure.clothing,available,19.99,46.99,high,low,9,name.com,,,11/08/2026 14:55
354f36cd-e07b-4bce-add1-a51196408c72,heavyset.clothing,available,19.99,46.99,medium,low,8,name.com,,,21/08/2026 05:31
27271416-c69f-4a9a-8f71-7a10b73fada8,gamble.clothing,available,32.99,32.99,high,low,6,namesilo,,,17/09/2026 10:37
b58479fe-6560-40f4-970e-b6aac6e800c3,contract.clothing,available,31.98,35.68,high,low,8,namecheap,,,03/09/2026 13:23
bee80a94-75fc-4202-8db6-91fb87f6c779,superheroes.clothing,available,32.99,32.99,high,low,11,namesilo,,,21/09/2026 05:42
ef51149d-9b3b-4cb5-a498-8f92bf0fe0d2,farrell.clothing,available,31.98,35.68,medium,low,7,namecheap,,,25/09/2026 05:20
768f0108-6a96-4758-bf26-ee6c678ade5c,ghostly.clothing,available,19.99,46.99,high,low,7,name.com,,,06/08/2026 05:28
56162e88-e662-489b-86b2-9e131e79da5d,reflection.clothing,available,32.99,32.99,high,low,10,namesilo,,,25/09/2026 22:24
55a0c5a8-5443-4f8b-aa74-f647a296c15f,startling.clothing,available,31.98,35.68,medium,low,9,namecheap,,,10/09/2026 19:02
42beff49-a39a-4191-9006-3b6a578294d7,ramsay.clothing,available,32.99,32.99,high,low,6,namesilo,,,25/09/2026 15:54
55d6eda2-a3fc-4ab8-bbc9-9fb8c9be860b,cecal.clothing,available,19.99,46.99,medium,low,5,name.com,,,11/08/2026 12:54
bd7acedd-e589-4fd5-8d84-eb20d3f7de6d,joan.clothing,available,32.99,32.99,high,low,4,namesilo,,,25/09/2026 11:39
25cf7353-4040-4736-b3f7-b18bfd33321e,invariably.clothing,available,19.99,,medium,low,10,name.com,,,
4a52b08f-1f63-4485-8844-7a9d2e286387,theirs.clothing,available,19.99,,medium,low,6,name.com,,,
727e63de-89c1-4f1c-96be-4737a7a2757a,rubbed.clothing,available,32.99,32.99,high,low,6,namesilo,,,17/09/2026 07:54
1c4e913f-a5c2-42c8-8bb5-d16a69c22745,convince.clothing,available,19.99,,high,low,8,name.com,,,
70108b8b-eaf0-459e-b052-b7d2a79c49e6,glut.clothing,available,32.99,32.99,medium,low,4,namesilo,,,23/09/2026 17:21
f19da160-cab9-47f4-82bc-2b1b1b9e4194,miotic.clothing,available,19.99,46.99,medium,low,6,name.com,,,25/08/2026 01:00
7ca517f4-792f-4dc9-9428-bf2357752b29,antonius.clothing,available,31.98,35.68,medium,low,8,namecheap,,,19/09/2026 13:34
97c50755-b643-47a9-9623-eeba64ccfd1b,ceaseless.clothing,available,19.99,46.99,medium,low,9,name.com,,,11/08/2026 23:01
0746ee9b-0b7d-4890-af39-354a0a1929f9,galilean.clothing,available,19.99,46.99,medium,low,8,name.com,,,18/08/2026 19:37
f8871dc9-b288-46ca-8085-aea6388eb00a,dahna.clothing,available,32.99,32.99,medium,low,5,namesilo,,,19/09/2026 23:21
eb53a40a-5bf2-41c3-b990-eac227fe3fbe,mandarin.clothing,available,31.98,35.68,high,low,8,namecheap,,,23/09/2026 04:17
9b2c0658-0a71-4c10-9dd9-3429d5abcc8d,medal.clothing,available,19.99,,high,low,5,name.com,,,
9e038259-28f6-4e8f-8d62-787d48e22731,consist.clothing,available,19.99,,high,low,7,name.com,,,
6d120f59-e53e-4ba1-b65f-b07c652778cd,bilocation.clothing,available,32.99,32.99,medium,low,10,namesilo,,,23/09/2026 16:51
dafbeb14-6ea0-4323-9af6-7808ef65cdbf,water.clothing,available,31.98,35.68,high,medium,5,namecheap,,,08/09/2026 13:05
6bb1d6da-68d3-46f8-b863-cdb9f4470b76,error.clothing,available,32.99,32.99,high,low,5,namesilo,,,24/09/2026 16:56
98f3cccf-823b-42fd-bf83-20144a8c0bb6,waybill.clothing,available,32.99,32.99,medium,low,7,namesilo,,,23/09/2026 16:05
2bdfad0d-c639-4c2e-8a22-f7bc5735f0fe,rust.clothing,available,19.99,,high,low,4,name.com,,,
3d2a48d0-a6d7-4f25-8a15-1e5135918f97,agio.clothing,available,31.98,35.68,medium,low,4,namecheap,,,17/09/2026 18:01
68d3dae9-a8ae-4d87-9151-482c676c1357,vents.clothing,available,32.99,32.99,medium,low,5,namesilo,,,21/09/2026 06:42
4a241e4a-bd68-4689-bd81-bbad6514d180,appointment.clothing,available,32.99,32.99,high,low,11,namesilo,,,24/09/2026 03:38
154bfc39-b39d-49f2-afd3-20d2211f8bc9,astound.clothing,available,19.99,,high,low,7,name.com,,,
b40d43db-1fb1-4171-9ea6-51cd2b2e66b6,unruly.clothing,available,19.99,46.99,high,low,6,name.com,,,10/08/2026 17:42
1575697b-1545-434b-ad4e-779d8031c343,laudable.clothing,available,19.99,46.99,high,low,8,name.com,,,06/08/2026 07:01
bc397661-d90f-44d6-950f-2b2c9928c8bf,chilean.clothing,available,19.99,46.99,high,low,7,name.com,,,12/08/2026 05:15
91f05c0f-7822-4dfe-89c0-e7f35e8e7236,queried.clothing,available,31.98,35.68,medium,low,7,namecheap,,,20/09/2026 15:21
a53fa88e-86cc-4c3f-a86b-359269627ef8,moulds.clothing,available,32.99,32.99,medium,low,6,namesilo,,,20/09/2026 13:57
2631a593-efc9-44a7-8ccb-22f6213ffd0d,sort.clothing,available,32.99,32.99,high,low,4,namesilo,,,25/09/2026 12:43
24acbc6c-4166-4853-bce5-3380a2c50654,ayr.clothing,available,32.99,32.99,high,low,3,namesilo,,,21/09/2026 10:41
a4da02c8-2c37-45e9-8976-5cc653c9d4a4,tradition.clothing,available,19.99,,high,low,9,name.com,,,
aab4c4bf-d28b-4adc-b6d4-f850354eb28b,angiogram.clothing,available,32.99,32.99,medium,low,9,namesilo,,,19/09/2026 06:13
8cca7f6e-d0af-4959-9626-f69cd5669620,balanced.clothing,available,31.98,35.68,high,low,8,namecheap,,,22/09/2026 16:28
7511cd4f-8cc9-40f7-8ca4-2c62f268ac05,axial.clothing,available,32.99,32.99,high,low,5,namesilo,,,22/09/2026 15:33
66ca87e1-7cd1-4e28-8f1c-3a9cf06ee13d,frustrated.clothing,available,32.99,32.99,medium,low,10,namesilo,,,24/09/2026 10:57
202c632f-ab33-4bf2-8982-0b5b20c64a60,jacket.clothing,available,31.98,35.68,high,low,6,namecheap,,,24/09/2026 21:34
98995264-2bc5-4c5a-9dbb-107ca60d2269,shiner.clothing,available,32.99,32.99,medium,low,6,namesilo,,,24/09/2026 00:40
59e39ded-e705-429c-86bf-e4a292f491c5,amazona.clothing,available,31.98,35.68,high,low,7,namecheap,,,18/09/2026 16:23
b659b816-0b10-43fd-b289-561976b34c54,weighty.clothing,available,19.99,46.99,medium,low,7,name.com,,,12/08/2026 15:37
3c341869-a4b6-4046-a34a-341e34445c88,begotten.clothing,available,19.99,46.99,medium,low,8,name.com,,,09/08/2026 09:11
03857546-3e14-4258-87e7-9e3f00985e3b,bahraini.clothing,available,19.99,46.99,medium,low,8,name.com,,,08/08/2026 08:36
bfddadb8-cde0-42fe-8390-e988e4754961,spongy.clothing,available,31.98,35.68,medium,low,6,namecheap,,,10/09/2026 16:24
a4c64a4c-2519-428f-b64c-ff8d5b444cff,podium.clothing,available,32.99,32.99,high,low,6,namesilo,,,18/09/2026 17:13
0025bb1c-4240-4507-9104-08ce683939ab,isles.clothing,available,32.99,32.99,medium,low,5,namesilo,,,20/09/2026 01:00
c03e13c5-785f-4594-8c8f-9ee691337620,stonewalls.clothing,available,31.98,35.68,low,low,10,namecheap,,,20/09/2026 14:03
ceb50292-d414-46c1-be1f-bbbe084a1830,clocks.clothing,available,32.99,32.99,high,low,6,namesilo,,,18/09/2026 06:14
94b7bedb-a053-4a26-8c1c-dedeea5cddb0,symbolical.clothing,available,19.99,46.99,high,low,10,name.com,,,16/08/2026 09:33
bc8452d5-c806-4e1b-8b43-2089e641de84,wellington.clothing,available,32.99,32.99,high,low,10,namesilo,,,20/09/2026 11:08
7260c368-3cb4-4a3c-8f46-98a9ac3e7e81,polythene.clothing,available,19.99,,medium,low,9,name.com,,,
83819203-2c86-4f7f-90f2-df0cf21ca1b9,pens.clothing,available,31.98,35.68,medium,low,4,namecheap,,,20/09/2026 04:15
9c0db181-1cd4-4b4c-bb6d-5bd6aaf69186,dimension.clothing,available,32.99,32.99,high,low,9,namesilo,,,21/09/2026 02:17
ef4986fd-2c7f-40cb-b15e-d1dd337e89d4,brushed.clothing,available,19.99,46.99,high,low,7,name.com,,,11/08/2026 06:58
17c39635-ddcd-4e21-a5cb-f39f5f205100,personals.clothing,available,31.98,35.68,medium,low,9,namecheap,,,08/09/2026 05:02
ef191ead-7291-40d7-a768-45604880fe86,menacing.clothing,available,19.99,46.99,medium,low,8,name.com,,,24/08/2026 19:55
0925c8d5-690b-4bee-9d07-8105008bd2df,kampala.clothing,available,31.98,35.68,high,low,7,namecheap,,,24/09/2026 12:28
646d1191-d49a-4914-97d7-3cecc6f791f8,aragonite.clothing,available,32.99,32.99,medium,low,9,namesilo,,,19/09/2026 23:43
ca92e80a-af63-4772-9cd5-b8775aa3303b,saving.clothing,available,19.99,,high,low,6,name.com,,,
e8cd1adb-ba75-40f4-8ee7-bc9bb0ff99cc,birdhouse.clothing,available,31.98,35.68,high,low,9,namecheap,,,23/09/2026 20:39
b67624a8-b66e-485b-aad6-68623aa65156,adrian.clothing,available,32.99,32.99,high,low,6,namesilo,,,17/09/2026 09:59
8173d8cd-7db1-450b-a5cf-41002d10e577,ablaut.clothing,available,32.99,32.99,medium,low,6,namesilo,,,16/09/2026 16:06
a3220e13-70ff-49ef-8965-51fa73c67aa9,atmosphere.clothing,available,32.99,32.99,high,low,10,namesilo,,,18/09/2026 16:39
ac4bd1e8-3e4c-41d8-81a6-7a4de3cc25da,lxxxviii.clothing,available,19.99,46.99,medium,low,8,name.com,,,
84807a7c-afbb-458f-98e4-9d8854d91528,topically.clothing,available,31.98,35.68,medium,low,9,namecheap,,,16/09/2026 09:16
b08a3109-6b87-42cd-9c54-1be4ca1623c1,lissom.clothing,available,19.99,46.99,medium,low,6,name.com,,,23/08/2026 23:41
7b17edb9-70a8-4db1-a80e-91f546afe458,tomboys.clothing,available,32.99,32.99,low,low,7,namesilo,,,20/09/2026 23:15
d1097a45-bd20-4477-af4d-714316b0b930,attester.clothing,available,31.98,35.68,medium,low,8,namecheap,,,21/09/2026 01:41
897e2702-a2b5-4d04-997e-cbaf90a030a3,volt.clothing,available,31.98,35.68,high,low,4,namecheap,,,13/09/2026 00:34
8b9e28f6-171b-4bca-bf45-dc31e401009f,nightfall.clothing,available,31.98,35.68,high,low,9,namecheap,,,11/09/2026 21:44
1ceed899-819f-4a0b-95e2-ce3b1d475a76,orangutan.clothing,available,19.99,,high,low,9,name.com,,,
59b59f46-359c-4e69-bd8f-6f700a778b7b,divided.clothing,available,19.99,46.99,medium,low,7,name.com,,,14/08/2026 13:42
9a1d05f8-72a3-4e8e-90f5-3a57e0ac6c98,barberry.clothing,available,32.99,32.99,medium,low,8,namesilo,,,22/09/2026 04:51
c7d88b89-8ac9-4b1d-b55b-fd2007b33e36,containers.clothing,available,32.99,32.99,medium,low,10,namesilo,,,19/09/2026 01:32
292eeae2-d9a3-4e08-8219-a09a3b41d71e,navy.clothing,available,19.99,,high,low,4,name.com,,,
c118ca3c-3226-493f-ac3b-d520fb3ab081,centrist.clothing,available,19.99,46.99,high,low,8,name.com,,,12/08/2026 00:14
3d3d0566-ce2b-4c0e-a710-a3a0eceda4ab,anemic.clothing,available,19.99,46.99,medium,low,6,name.com,,,
ca3afe7b-226b-47d7-8a98-e932a02b20e7,endocrinal.clothing,available,19.99,46.99,medium,low,10,name.com,,,17/08/2026 01:02
2a18530a-89d3-42bb-bdc6-8369b98215df,page.clothing,available,19.99,,high,low,4,name.com,,,
b604dd7d-931c-41f4-adc0-a4fb4ca1e511,payable.clothing,available,19.99,46.99,high,low,7,name.com,,,12/08/2026 16:58
e770e72a-a9b8-48c2-92f8-164dfb4c0afc,referable.clothing,available,19.99,46.99,medium,low,9,name.com,,,07/08/2026 01:28
3be73274-4c4b-4afe-b466-5cf149a812b9,hedged.clothing,available,19.99,46.99,medium,low,6,name.com,,,21/08/2026 05:50
12581e8e-c37a-4bcd-9783-827cb5dcd319,lanka.clothing,available,32.99,32.99,high,low,5,namesilo,,,25/09/2026 15:46
86c0ed1f-a740-4089-be9a-33301a3df3cc,heinrich.clothing,available,32.99,32.99,high,low,8,namesilo,,,25/09/2026 21:51
3e300b5f-3d8e-4ba7-bc89-fd83b2c69986,banker.clothing,available,32.99,32.99,high,low,6,namesilo,,,22/09/2026 02:46
8c0da845-640a-4636-9317-6bd9e916da8c,matted.clothing,available,19.99,46.99,medium,low,6,name.com,,,24/08/2026 16:52
c967da3d-a673-452c-8cd6-0e340c841936,jade.clothing,available,19.99,46.99,high,low,4,name.com,,,22/08/2026 11:50
486bf0f4-e1f6-4195-ac99-06c330ed57f6,obscene.clothing,available,19.99,46.99,high,low,7,name.com,,,
4e1f3f6f-8977-470a-8ad6-2fcc067e99e2,air.clothing,premium,85.8,85.8,high,medium,3,namecheap,,,19/09/2026 13:23
5cdc35f8-0080-484e-8f64-381b19fa74f9,arcus.clothing,available,32.99,32.99,high,low,5,namesilo,,,20/09/2026 03:02
c463638f-c762-4ab0-86ab-a9b2233d0d96,adjustor.clothing,available,32.99,32.99,medium,low,8,namesilo,,,17/09/2026 08:34
25756f06-00a3-4665-a305-2f957a15a0d2,ghosts.clothing,available,31.98,35.68,medium,low,6,namecheap,,,18/09/2026 22:14
2b50e8ad-6f05-4b31-9059-c8671176a72f,singapore.clothing,available,,,high,high,9,,,,
53c2880c-075d-40b8-859b-7ef2d11fbe2b,myspace.clothing,available,,,high,medium,7,,,,
1ea47f91-d9d9-4424-a584-be670c1cadc4,conduit.clothing,available,32.99,32.99,high,low,7,namesilo,,,24/09/2026 17:11
1b3ff1ce-52ab-4062-bca7-ed692efafe99,chapstick.clothing,available,19.99,,high,low,9,name.com,,,
f12a5bd5-3496-4495-8115-e4e848f2fffc,elysian.clothing,available,19.99,46.99,high,low,7,name.com,,,16/08/2026 06:18
327e28e4-ce28-443b-aea4-c45adafe7c6e,asceticism.clothing,available,19.99,46.99,high,low,10,name.com,,,20/09/2026 13:08
daf2c16e-3dc2-49af-8f0b-82ebbb5f1cfb,accordance.clothing,available,32.99,32.99,high,low,10,namesilo,,,16/09/2026 23:00
81229ed7-ba2f-471b-9090-779bcdae6be7,advertence.clothing,available,32.99,32.99,medium,low,10,namesilo,,,17/09/2026 11:06
e45c2c3b-4992-45f7-9320-4d35dd59df6b,otoscope.clothing,available,32.99,32.99,medium,low,8,namesilo,,,21/09/2026 04:28
2ddfce19-71b4-434d-89e0-9a292bd91852,linchpin.clothing,available,32.99,32.99,high,low,8,namesilo,,,21/09/2026 15:17
058952aa-8a46-4d8c-87bc-c28bb6ba2dd4,paranoiac.clothing,available,31.98,35.68,medium,low,9,namecheap,,,08/09/2026 01:08
abeb6f05-18d1-43eb-b494-ff25be17a0a6,specification.clothing,available,19.99,,high,low,13,name.com,,,
8a68344a-05b6-484a-a7b0-eb384692ec7d,excited.clothing,available,32.99,32.99,high,low,7,namesilo,,,24/09/2026 15:55
896e1e0f-3f4e-45dc-baf3-4be3a5cc0445,maiden.clothing,available,19.99,46.99,high,low,6,name.com,,,22/08/2026 05:32
87d165b6-b183-4c26-b9af-674a2d662542,unscripted.clothing,available,19.99,46.99,medium,low,10,name.com,,,12/09/2026 19:05
05bff3b5-d6e3-481e-9783-23ca0d78e23d,carambola.clothing,available,31.98,35.68,medium,low,9,namecheap,,,21/09/2026 09:14
b71c97ef-985b-47c5-ac8b-a7272e878937,abbot.clothing,available,32.99,32.99,medium,low,5,namesilo,,,16/09/2026 14:31
fdb65812-9534-4664-8339-a4e62cf8b6df,kicking.clothing,available,19.99,,high,low,7,name.com,,,
51f4ad7e-c8b8-4c63-9585-e29818d36c53,newborn.clothing,premium,38.94,38.94,high,low,7,namesilo,,,03/09/2026 16:41
4a59e66c-7a78-4f6e-afd5-23bb21d30f9d,treeless.clothing,available,31.98,35.68,medium,low,8,namecheap,,,11/09/2026 19:10
b2418a12-f5f4-4d9a-8165-c7c3f1e40fca,brackish.clothing,available,19.99,46.99,medium,low,8,name.com,,,11/08/2026 00:43
7c3cc228-c5db-4cea-8fed-89dc843fbd9b,bayard.clothing,available,31.98,35.68,medium,low,6,namecheap,,,22/09/2026 17:54
b18303f0-cf2c-45d0-a050-41c469aef44b,flatfoot.clothing,available,31.98,35.68,medium,low,8,namecheap,,,10/09/2026 16:10
dee57fc2-2f61-4a1c-a6b4-46eea7b966b9,mauve.clothing,available,19.99,46.99,high,low,5,name.com,,,24/08/2026 17:37
4785b31d-488d-49fa-8748-f28c0a07af04,allied.clothing,available,32.99,32.99,high,low,6,namesilo,,,22/09/2026 01:28
db081484-7229-4a4d-8335-e34b1681668e,lunatic.clothing,available,19.99,46.99,high,low,7,name.com,,,13/08/2026 17:47
64be7482-de7d-4434-bab8-65f99a4a5f39,biting.clothing,available,19.99,46.99,high,low,6,name.com,,,08/08/2026 16:41
5c8ca803-1edd-4a43-96cc-19b1366097e5,circuit.clothing,available,19.99,,high,low,7,name.com,,,
c73d760b-aa66-4adf-b4c4-f891f8c3ca61,available.clothing,available,32.99,32.99,high,low,9,namesilo,,,22/09/2026 14:22
32cfabf5-7da4-4268-a07b-fe46c985aaf7,diazo.clothing,available,19.99,46.99,medium,low,5,name.com,,,14/08/2026 06:23
30ef1d88-3f92-4dd8-aee8-53257c4cb997,upended.clothing,available,31.98,35.68,medium,low,7,namecheap,,,12/09/2026 23:06
7038326d-d407-4b9f-a95a-64638179b43b,annexa.clothing,available,31.98,35.68,medium,low,6,namecheap,,,17/09/2026 09:06
3b85f116-4d68-42f4-93a3-98e7c922a2df,excel.clothing,available,19.99,,high,low,5,name.com,,,
f97e67bf-9608-4e26-ba32-1d3c16ba891c,thyroid.clothing,available,31.98,35.68,high,low,7,namecheap,,,11/09/2026 15:18
6f79c509-bd2e-487c-bcc6-639a58d14189,krupp.clothing,available,32.99,32.99,high,low,5,namesilo,,,18/09/2026 06:37
88aeec25-9d4a-4229-9b94-381dbf92e9ab,raunchy.clothing,available,19.99,46.99,medium,low,7,name.com,,,09/08/2026 09:41
7eabf061-0374-426b-9051-fd523e20200a,unwanted.clothing,available,31.98,35.68,high,low,8,namecheap,,,12/09/2026 07:48
bf240371-6cca-4982-a034-94178c2c6d20,daisy.clothing,available,31.98,35.68,high,low,5,namecheap,,,25/09/2026 04:34
5f870d82-0425-4b01-9ae7-313dd33dbc10,afflicted.clothing,available,19.99,46.99,high,low,9,name.com,,,
c2051498-0be7-45c7-9e7c-11d7b413c589,slimly.clothing,available,31.98,35.68,medium,low,6,namecheap,,,16/09/2026 02:34
77f45b27-ca15-423b-b77c-9045dcbcd780,denis.clothing,available,32.99,32.99,high,low,5,namesilo,,,25/09/2026 15:03
40bb961d-85eb-46e5-a25a-42b7a3db5297,linelike.clothing,available,19.99,46.99,medium,low,8,name.com,,,23/08/2026 15:03
057caf93-b315-4593-a416-afe0745f27e8,interpret.clothing,available,19.99,,high,low,9,name.com,,,
31f54827-e8e5-4c3f-ac8d-13a25511a3de,distribution.clothing,available,32.99,32.99,high,low,12,namesilo,,,23/09/2026 07:20
fcf06b30-6cce-47be-b67b-05bc1a358257,biface.clothing,available,19.99,46.99,medium,low,6,name.com,,,09/08/2026 19:55
d80802f2-7199-4707-a44f-8022c1e6f5dc,engineering.clothing,available,31.98,35.68,high,low,11,namecheap,,,25/09/2026 15:11
cab3d4f7-f946-4870-8ddb-37808bd14115,prototypic.clothing,available,19.99,46.99,medium,low,10,name.com,,,06/08/2026 15:42
76712b93-db6b-4a1b-9de7-9fd2949c0bc3,baldly.clothing,available,31.98,35.68,medium,low,6,namecheap,,,13/09/2026 23:11
b80c1c56-cf4f-46b3-affc-982e7b90558f,audience.clothing,available,32.99,32.99,high,low,8,namesilo,,,21/09/2026 02:53
310f999b-cd15-4bd8-86db-e6f4f88b7cc2,route.clothing,available,32.99,32.99,high,low,5,namesilo,,,25/09/2026 07:52
58473dac-5068-4275-bdaf-fa6147ef1fb2,relocations.clothing,available,31.98,35.68,medium,low,11,namecheap,,,21/09/2026 08:41
3050931b-1c2a-4492-b34e-8645b91098b9,antitrade.clothing,available,32.99,32.99,medium,low,9,namesilo,,,19/09/2026 15:13
bb25bc61-12ff-4d61-9e98-59ac76b0be11,propellent.clothing,available,31.98,35.68,high,low,10,namecheap,,,09/09/2026 03:28
285cd73c-d064-49e3-8230-5c83316249a7,oysters.clothing,available,31.98,35.68,medium,low,7,namecheap,,,20/09/2026 03:31
c56e3c44-c740-4c48-897a-6ea393f551a1,arsenal.clothing,available,32.99,32.99,high,low,7,namesilo,,,20/09/2026 09:36
fe147fac-1c5d-4ec8-8dfa-2937744001e1,ditch.clothing,available,32.99,32.99,high,low,5,namesilo,,,24/09/2026 23:15
da88e789-6a62-4ead-a895-9e790b81b148,victoria.clothing,premium,118.8,118.8,high,low,8,namesilo,,,
7ef074fc-bff1-4d50-b484-54b2b594072c,sunk.clothing,available,31.98,35.68,medium,low,4,namecheap,,,11/09/2026 01:50
9a4ee921-c8a9-4e46-855b-723d5c96117a,bloodshot.clothing,available,19.99,46.99,medium,low,9,name.com,,,10/08/2026 15:21
cc44025f-c3d1-42b0-b717-c2dff6ac6680,mythologic.clothing,available,31.98,35.68,medium,low,10,namecheap,,,03/09/2026 12:33
11396bb2-cef5-46bb-a6ed-42aeec437192,zithromax.clothing,available,31.98,35.68,medium,low,9,namecheap,,,21/09/2026 11:16
d40547c7-dcdf-414d-a2fd-a1b8d6779650,adeptness.clothing,available,31.98,35.68,high,low,9,namecheap,,,24/09/2026 07:48
b4299357-e77f-4c90-b083-0df5f3a4e107,dagger.clothing,available,31.98,35.68,high,low,6,namecheap,,,24/09/2026 20:52
a30582c6-3618-4fe8-844d-21fce22aa9f1,sun.clothing,premium,78.54,78.54,high,medium,3,namesilo,,,
eddd80d3-0fcf-4982-b12d-5da91537722c,onward.clothing,available,19.99,46.99,high,low,6,name.com,,,14/09/2026 19:49
7306f7f8-5026-4e04-89bb-7fe76b550085,critic.clothing,available,19.99,,high,low,6,name.com,,,
6411fa45-6dcb-49db-b5d3-bf11ff895b93,activism.clothing,available,32.99,32.99,high,low,8,namesilo,,,17/09/2026 05:15
0cb550d7-583c-446e-8901-11c498abdaeb,yearn.clothing,available,19.99,46.99,high,low,5,name.com,,,24/08/2026 08:59
25a6782a-5ec5-4cf6-a51d-1e8d16cae9aa,catarrhal.clothing,available,19.99,46.99,medium,low,9,name.com,,,11/08/2026 21:09
74550f6f-44af-4111-b59e-b4343b297b3c,healthier.clothing,available,31.98,35.68,high,low,9,namecheap,,,24/09/2026 19:03
bcffd852-16ec-4442-960c-665fd0d106d4,dolorous.clothing,available,19.99,46.99,medium,low,8,name.com,,,14/08/2026 15:30
f9e839d3-2c64-451c-b150-5915a3a28acc,taradiddle.clothing,available,32.99,32.99,medium,low,10,namesilo,,,21/09/2026 23:52
62ec10a8-0814-493f-bb06-7a7766c07be1,aspirer.clothing,available,19.99,46.99,medium,low,7,name.com,,,07/08/2026 05:12
91608f75-941a-4547-bfe5-48eb1b65fad8,maverick.clothing,available,19.99,46.99,high,low,8,name.com,,,24/08/2026 17:42
755699ef-6496-4f61-ba1a-05c08c9ff178,outboard.clothing,available,31.98,35.68,high,low,8,namecheap,,,04/09/2026 18:55
72641603-445d-40a6-8a85-bab508b7dd20,log.clothing,premium,78.54,78.54,high,low,3,namesilo,,,
aa884c25-9dfb-4d14-b677-ce923348784f,arginine.clothing,available,32.99,32.99,medium,low,8,namesilo,,,20/09/2026 04:24
53bbbb07-7e3f-49f3-831f-209b750761c9,eyes.clothing,available,19.99,,high,low,4,name.com,,,
63153738-7182-4f00-8788-008bf46c8ae2,insincere.clothing,available,19.99,46.99,medium,low,9,name.com,,,22/08/2026 07:08
4b916e63-ba1b-4a67-a53e-2670d35149d4,emblematic.clothing,available,19.99,46.99,high,low,10,name.com,,,16/08/2026 09:29
c8ea3d27-9f9e-4c9e-bed7-c02a597b3202,geodetic.clothing,available,19.99,46.99,medium,low,8,name.com,,,18/08/2026 22:21
40168f34-75d3-4504-9d13-bef650764662,fallible.clothing,available,19.99,46.99,medium,low,8,name.com,,,17/08/2026 21:30
ff4ff945-5145-4007-b88d-0e4af81c143a,accretive.clothing,available,19.99,46.99,medium,low,9,name.com,,,
7511a303-8661-4dd9-b402-2b2e573e5ae0,basia.clothing,available,31.98,35.68,medium,low,5,namecheap,,,22/09/2026 10:34
c8c28987-2e47-4775-bc73-6b320a3ae117,agamemnon.clothing,available,32.99,32.99,medium,low,9,namesilo,,,17/09/2026 16:06
9fabf735-2640-42a9-a83a-996dfe8b2c94,junky.clothing,available,32.99,32.99,medium,low,5,namesilo,,,17/09/2026 06:52
e091a843-8035-4554-ab8f-1ff483a5b98e,itinerant.clothing,available,19.99,46.99,high,low,9,name.com,,,22/08/2026 11:41
849fd35b-50d4-4e99-a123-1a85a22eab0e,poetically.clothing,available,31.98,35.68,high,low,10,namecheap,,,15/09/2026 20:51
0ac67d64-b645-4467-8af8-1512d287fe08,alienated.clothing,available,19.99,46.99,medium,low,9,name.com,,,
091d4f9f-5fd2-4c4e-8ed2-d6fb62a042bc,pecuniary.clothing,available,19.99,46.99,medium,low,9,name.com,,,25/08/2026 04:35
146a5c95-84d6-4530-9771-24014bb0733e,windsock.clothing,available,31.98,35.68,medium,low,8,namecheap,,,17/09/2026 21:40
f60aa176-4160-4334-842d-7feb490a2668,rigil.clothing,available,32.99,32.99,medium,low,5,namesilo,,,18/09/2026 13:35
69acdab6-8a07-468a-8ab3-7eebca025ab8,overboard.clothing,available,31.98,35.68,high,low,9,namecheap,,,15/09/2026 18:25
a1641894-5e80-44f1-9eda-1b24762e6461,spider.clothing,available,32.99,32.99,high,low,6,namesilo,,,26/09/2026 00:23
a1f219bb-997b-4d99-9d4c-608f3b8ed059,limo.clothing,available,19.99,,high,low,4,name.com,,,
31153b7d-4652-4c3f-840e-e63ef878d288,warmed.clothing,available,31.98,35.68,high,low,6,namecheap,,,13/09/2026 08:22
f2043b0c-8ad1-43e5-b59d-170619eaae18,bilgy.clothing,available,19.99,46.99,medium,low,5,name.com,,,09/08/2026 21:16
f354987f-9c9d-4571-af8e-4ecd6f565d6f,zaman.clothing,available,32.99,32.99,high,low,5,namesilo,,,18/09/2026 03:15
3cc1ec0a-c15f-4bea-a6aa-46a7acd38441,pierogi.clothing,available,32.99,32.99,high,low,7,namesilo,,,17/09/2026 14:55
04934071-151d-4643-b0af-4d6e245e9f03,froze.clothing,available,19.99,,medium,low,5,name.com,,,
852a7589-5745-417d-8e73-a2ead33ed300,unequal.clothing,available,19.99,46.99,medium,low,7,name.com,,,22/08/2026 00:15
cf7c3015-fb68-4a5b-9f13-ee70216d10f1,halo.clothing,available,19.99,,high,medium,4,name.com,,,
f9d76fa9-9173-44a2-8395-c7559ce1b756,send.clothing,available,19.99,,high,low,4,name.com,,,
5f71f4b7-69e2-4e1e-8b1b-0cec0b44ef80,condiment.clothing,available,19.99,,high,low,9,name.com,,,
59252c37-a0e5-425c-b56b-6fd9ac964ff6,operant.clothing,available,31.98,35.68,high,low,7,namecheap,,,04/09/2026 16:22
e3af383c-92a2-44b0-a6b5-df51f7f5f90a,dryers.clothing,available,32.99,32.99,medium,low,6,namesilo,,,21/09/2026 07:40
f8b8ecb3-88b3-453a-91bd-16ebd8a87ad2,tail.clothing,available,31.98,35.68,high,low,4,namecheap,,,22/09/2026 19:11
38150e92-db48-419d-bd59-df5f64f59a23,tongues.clothing,available,32.99,32.99,medium,low,7,namesilo,,,18/09/2026 07:52
45d5ab4b-8882-487e-b616-63fcab41f538,amanda.clothing,premium,78.54,78.54,high,low,6,namesilo,,,25/09/2026 13:54
afb6795d-bf9a-4404-b392-b739972ac550,balloon.clothing,available,32.99,32.99,high,low,7,namesilo,,,21/09/2026 23:08
a3c59fd0-dc7b-4fb0-b5d5-3c99dd24ee72,dallas.clothing,premium,118.8,118.8,high,low,6,namesilo,,,25/09/2026 04:35
6d255393-d69c-43a5-b39d-d5c39124f7ae,vocational.clothing,available,31.98,35.68,high,low,10,namecheap,,,13/09/2026 06:29
ec692714-8d8b-4ab2-a5b9-86fa7d17140c,aeonium.clothing,available,32.99,32.99,medium,low,7,namesilo,,,17/09/2026 12:40
1dec812d-947a-41a9-ad0d-970ce11c126e,baster.clothing,available,32.99,32.99,medium,low,6,namesilo,,,22/09/2026 12:47
68f3ded8-6158-4089-9fb8-ccd4e075eafe,hound.clothing,available,32.99,32.99,medium,low,5,namesilo,,,24/09/2026 02:24
2d101874-72c6-420b-b1b3-9764ecce7080,amoxil.clothing,available,32.99,32.99,medium,low,6,namesilo,,,18/09/2026 22:54
ae4faa31-5d3f-42bc-a9d5-44ef031af9f3,volary.clothing,available,31.98,35.68,medium,low,6,namecheap,,,21/09/2026 09:24
09281949-9509-47e7-bf14-109ae01ee62a,playfield.clothing,available,19.99,,high,low,9,name.com,,,
90cf5013-e0cc-4a81-8e27-a12edb7b3397,pending.clothing,available,19.99,,high,low,7,name.com,,,
2f36ec47-66f2-4e2e-a779-3f13c0dbe1c8,imbricate.clothing,available,19.99,46.99,medium,low,9,name.com,,,21/08/2026 20:35
bf247014-de64-4bcb-adff-7baae4f16b5c,acoustic.clothing,available,19.99,46.99,high,low,8,name.com,,,
d1c5d5da-6bc2-4d73-8f31-7793850952ba,halting.clothing,available,19.99,46.99,medium,low,7,name.com,,,13/08/2026 07:02
46662730-55dc-41b2-8dae-226a825fdc47,amino.clothing,available,19.99,46.99,high,low,5,name.com,,,
4b4818d3-0969-4a14-bcb9-916c802efa23,implausible.clothing,available,19.99,,medium,low,11,name.com,,,
96a6fef8-8151-47c8-8c66-4ded9d86939c,kashmiri.clothing,available,19.99,46.99,medium,low,8,name.com,,,22/08/2026 15:07
c5729088-d1fe-40af-bf95-fb95ea801bd5,atresia.clothing,available,31.98,35.68,medium,low,7,namecheap,,,21/09/2026 00:42
cab55078-0a85-407a-a5b7-062f5877c90a,atrazine.clothing,available,32.99,32.99,medium,low,8,namesilo,,,21/09/2026 00:37
27f5cf27-c254-4e9b-a71e-0ea069b899f7,durer.clothing,available,32.99,32.99,high,low,5,namesilo,,,18/09/2026 03:18
cf147f89-12c9-430b-9f99-2b4ecffac416,mercuric.clothing,available,19.99,46.99,medium,low,8,name.com,,,24/08/2026 20:40
43bbaf6a-b03e-454b-80d1-a4e6b8a809ab,hindrance.clothing,available,19.99,46.99,medium,low,9,name.com,,,14/08/2026 04:50
bb7df4e9-0d36-4d80-9fe0-816de29d6284,vibrate.clothing,available,19.99,,high,low,7,name.com,,,
29af1510-a962-4e34-ae6c-34ca56960e7a,reprobate.clothing,available,19.99,46.99,medium,low,9,name.com,,,14/08/2026 02:38
123c37c9-f60b-4b02-ac86-fcd61d1b33f8,eyesight.clothing,available,19.99,,high,low,9,name.com,,,
9afc934e-be9a-427b-b304-7b13db97a80d,medial.clothing,available,19.99,46.99,high,low,6,name.com,,,24/08/2026 18:51
9e429558-d7db-4c48-a4cc-f3f6f01f27d5,continuant.clothing,available,19.99,46.99,medium,low,10,name.com,,,12/08/2026 23:17
cbd4b2c1-817f-4a44-8f06-d8eaade57d3c,vowels.clothing,available,31.98,35.68,medium,low,6,namecheap,,,20/09/2026 00:07
4abd8bf8-7703-4100-9c63-1794fb8eed85,moldy.clothing,available,31.98,35.68,medium,low,5,namecheap,,,25/09/2026 21:25
f75b56e7-a355-4d37-a2a7-eebfa16518e9,allspice.clothing,available,32.99,32.99,high,low,8,namesilo,,,18/09/2026 12:10
f1ec0265-263a-4db1-99dc-530f9362d132,specific.clothing,available,19.99,,high,low,8,name.com,,,
568f5f45-39a6-414b-bc55-32fca97958f5,devilish.clothing,available,19.99,46.99,medium,low,8,name.com,,,14/08/2026 05:06
3733cb9f-e20b-49fa-89ca-344d7d11a4dc,overactive.clothing,available,19.99,46.99,medium,low,10,name.com,,,21/08/2026 16:42
d43f212d-4768-43b1-8c2b-03f00629cb69,fogged.clothing,available,19.99,46.99,medium,low,6,name.com,,,18/08/2026 09:51
bbfde33c-b3b9-4c1a-89cd-a53853a04d7a,case.clothing,available,19.99,,high,low,4,name.com,,,
e9bb7b40-d1a5-4b3d-a296-96a306025e30,ascendable.clothing,available,19.99,46.99,medium,low,10,name.com,,,07/08/2026 00:35
7b759c68-3534-44ad-9ab0-062cf1b2d6e8,aphotic.clothing,available,19.99,46.99,medium,low,7,name.com,,,05/08/2026 23:37
f78b4757-bb6a-4876-8959-f407bd1ef255,unaged.clothing,available,31.98,35.68,medium,low,6,namecheap,,,12/09/2026 00:11
3c791d52-f983-4c6b-bf7c-2ca5d07e61d8,laureate.clothing,available,19.99,46.99,high,low,8,name.com,,,22/08/2026 20:57
633fb389-4952-4160-b01e-89bf42e8a7ae,discard.clothing,available,19.99,,high,low,7,name.com,,,
bdea599a-b8f0-47fe-8c70-651942c9e579,algebraic.clothing,available,19.99,46.99,high,low,9,name.com,,,
d585ca5e-38c8-4496-b67f-726ca3a3925a,quietly.clothing,available,31.98,35.68,high,low,7,namecheap,,,09/09/2026 08:49
604ad85b-3582-46fc-b6d1-eac0cab2d3e2,been.clothing,available,19.99,,medium,low,4,name.com,,,
0bc7d438-c7ec-436a-9fd9-2e08be640066,reptile.clothing,available,31.98,35.68,high,low,7,namecheap,,,09/09/2026 14:41
390cc391-6d8e-4fe9-9668-44252db1700e,treelike.clothing,available,19.99,46.99,medium,low,8,name.com,,,06/08/2026 14:01
1616d951-7fd7-4658-a17e-23735712605c,producer.clothing,available,32.99,32.99,high,low,8,namesilo,,,25/09/2026 10:38
059fdac2-b186-4b44-9fef-0653718d37c2,malthusian.clothing,available,19.99,46.99,medium,low,10,name.com,,,24/08/2026 14:17
200006aa-14dd-41a8-9aa7-f7f2be0a66d0,karen.clothing,premium,78.54,78.54,high,low,5,namesilo,,,25/09/2026 08:08
44adcc5a-4f36-49b9-b322-052ee22cc551,shallot.clothing,available,31.98,35.68,medium,low,7,namecheap,,,18/09/2026 11:16
bbb248ae-6f43-43be-8fcd-e328459800fe,empathic.clothing,available,19.99,46.99,high,low,8,name.com,,,16/08/2026 16:41
4f057ea6-2e36-4075-b32d-84ec25709b29,pennyroyal.clothing,available,31.98,35.68,high,low,10,namecheap,,,18/09/2026 20:31
04e24100-f9b5-4870-b885-a4243ea63847,pompous.clothing,available,19.99,46.99,medium,low,7,name.com,,,12/08/2026 00:37
6773c33d-355c-4b40-adaa-9f54e6291f95,pigfish.clothing,available,32.99,32.99,medium,low,7,namesilo,,,17/09/2026 00:46
bb77ac50-b298-4082-94b0-b49ce04546df,gloved.clothing,available,19.99,46.99,high,low,6,name.com,,,20/08/2026 14:52
3f1dd069-0815-40e5-9f2f-6860b86bab84,bergamot.clothing,available,31.98,35.68,high,low,8,namecheap,,,23/09/2026 09:18
376c5954-fa8a-49d6-91ff-a127dea2270e,find.clothing,available,,,high,medium,4,,,,
31aebbf7-18b3-47fb-8349-45925bcbd427,pretzel.clothing,available,19.99,,high,low,7,name.com,,,
ee392909-7ddf-4969-9da7-1ac406a968e2,stoppage.clothing,available,19.99,46.99,medium,low,8,name.com,,,20/08/2026 22:57
78b956c2-ce2f-403e-ad5c-89952b5f6a7f,libidinous.clothing,available,19.99,46.99,medium,low,10,name.com,,,22/08/2026 20:09
9d9729a5-0791-4940-912c-8ba10ef54a45,abvolt.clothing,available,31.98,35.68,medium,low,6,namecheap,,,16/09/2026 19:39
930111ca-903b-43a4-9cd2-a1f37a628fc1,bowl.clothing,available,32.99,32.99,high,low,4,namesilo,,,24/09/2026 07:38
a4d62a07-ffc7-4cfb-8122-5913eb1e153a,roue.clothing,available,31.98,35.68,medium,low,4,namecheap,,,09/09/2026 02:53
9138a77b-24ce-4d72-92ef-b156af57f989,retarded.clothing,available,19.99,,medium,low,8,name.com,,,
6539f8df-8ac5-49eb-b6a4-ec61ced5c9a2,dogsledding.clothing,available,32.99,32.99,medium,low,11,namesilo,,,20/09/2026 01:02
71e24348-1a3b-4b4e-a7a8-371f44eb5fd9,snipefish.clothing,available,32.99,32.99,medium,low,9,namesilo,,,23/09/2026 06:28
9539f0d0-5238-4361-bc48-93bca8ab24a3,japan.clothing,available,,,high,high,5,,,,
2c942949-6e68-45c4-b69a-744eebf863ff,eta.clothing,premium,78.54,78.54,high,low,3,namesilo,,,22/09/2026 11:43
b33fb8c6-9835-47b0-9d08-9ef846334c93,interview.clothing,available,19.99,,high,low,9,name.com,,,
92c1f664-f5ba-4d2a-b3bb-c0bfb8cb8878,fill.clothing,available,19.99,,high,low,4,name.com,,,
238a399a-f777-4f25-b3ab-f97ad95c6a13,todd.clothing,premium,85.8,85.8,high,low,4,namecheap,,,25/09/2026 09:07
28bd952c-394c-4d1b-97ed-80ce7ee78d9a,epistemic.clothing,available,19.99,46.99,medium,low,9,name.com,,,17/08/2026 11:13
4211ba43-fac5-4c23-a955-0079c418d65e,childbirth.clothing,available,19.99,46.99,high,low,10,name.com,,,12/08/2026 05:00
d3b99758-18af-4d5f-8a44-33297deca53d,envision.clothing,available,19.99,46.99,high,low,8,name.com,,,17/08/2026 21:59
d4f31abb-27fb-4626-bc76-eea213cda1c5,begetter.clothing,available,32.99,32.99,medium,low,8,namesilo,,,23/09/2026 02:08
9fb62a25-8cee-4c21-9175-e1321b36e14f,swash.clothing,available,19.99,46.99,high,low,5,name.com,,,11/08/2026 01:05
1a30c4c2-5c0d-47ff-b86e-8ffe1a254563,subsonic.clothing,available,31.98,35.68,medium,low,8,namecheap,,,11/09/2026 00:50
693104b4-41ea-4f91-ae99-5d29dcfa2ddc,donut.clothing,available,19.99,,high,low,5,name.com,,,
6730988c-bafd-4345-843f-c635fa7b4b69,glittery.clothing,available,19.99,46.99,high,low,8,name.com,,,
79313703-d143-43ae-960c-9911bf2711eb,anarchic.clothing,available,19.99,46.99,medium,low,8,name.com,,,
e8625326-5927-4a69-9634-7e659ef465b8,neighbour.clothing,available,19.99,,high,low,9,name.com,,,
fcdec6af-a82d-47ba-b139-54125703ed10,door.clothing,available,32.99,32.99,high,low,4,namesilo,,,19/09/2026 10:21
b63f68c9-08db-42b8-8d35-62617a221934,gallican.clothing,available,19.99,46.99,medium,low,8,name.com,,,18/08/2026 19:40
aeab0189-003e-4bf7-8400-1bc19733b461,masterly.clothing,available,31.98,35.68,high,low,8,namecheap,,,23/09/2026 21:40
f8211f8a-a72e-426c-8b53-0bedc3012589,pommel.clothing,available,31.98,35.68,medium,low,6,namecheap,,,23/09/2026 13:53
94069377-3b07-4dc8-b08a-6c25eba86009,trailer.clothing,available,19.99,46.99,high,low,7,name.com,,,22/08/2026 18:43
95aac740-578c-4083-8e1d-4bfee7935670,persistent.clothing,available,19.99,46.99,high,low,10,name.com,,,14/08/2026 14:58
448b7c0e-9e90-47a7-9fba-a2b6efc48071,groovy.clothing,available,19.99,46.99,high,low,6,name.com,,,08/08/2026 12:35
540946e6-d07f-475f-8c0a-f76dafd575a8,jagged.clothing,available,19.99,46.99,medium,low,6,name.com,,,17/08/2026 12:32
e330eabf-b588-4233-8120-f0606a962577,scapular.clothing,available,31.98,35.68,medium,low,8,namecheap,,,09/09/2026 22:51
6f1aaa25-47af-4cae-b5b3-9985991bca62,reticulate.clothing,available,31.98,35.68,high,low,10,namecheap,,,09/09/2026 15:32
36bc96a0-0512-467c-8427-49e1f3488186,mods.clothing,available,19.99,,high,low,4,name.com,,,
55797d2c-b361-438a-8f19-13f585afbc49,coruscant.clothing,available,19.99,46.99,medium,low,9,name.com,,,
c0a137bc-d758-4eff-ae5f-d59bd26c8b93,purely.clothing,available,31.98,35.68,high,low,6,namecheap,,,15/09/2026 22:05
a2b372e3-671a-4fd7-b7ed-ca28ea4c4a2b,fumed.clothing,available,19.99,46.99,medium,low,5,name.com,,,18/08/2026 18:20
58cf7dff-3f1d-4d51-bd97-2b17200c2eef,dissolve.clothing,available,19.99,,high,low,8,name.com,,,
09f37df0-a58c-48d7-9ce8-ddd68a2c745b,loaf.clothing,available,31.98,35.68,high,low,4,namecheap,,,11/09/2026 08:31
a41fd5b2-9c91-4f3e-962b-08a5ee6e3db1,equanimity.clothing,available,19.99,46.99,high,low,10,name.com,,,11/08/2026 14:58
b91bfba6-f390-4160-9d02-3fc92262aa29,friend.clothing,available,19.99,,high,low,6,name.com,,,
425686e9-2f4d-4fc1-8529-ba3c401fe9d1,generally.clothing,available,19.99,,high,low,9,name.com,,,
3a01d0e6-7cba-471d-9c9b-76e72799dab3,uppermost.clothing,available,31.98,35.68,medium,low,9,namecheap,,,11/09/2026 17:48
c146bba1-5cea-463a-acc0-e5f47c5fdcb2,owner.clothing,available,32.99,32.99,high,low,5,namesilo,,,25/09/2026 09:45
58f5c254-e4c4-4091-9a79-ecfedb188bff,reliant.clothing,available,19.99,46.99,high,low,7,name.com,,,09/09/2026 13:35
54e88215-1e53-4b61-83c4-3df6a5765863,annie.clothing,premium,85.8,85.8,high,low,5,namecheap,,,25/09/2026 18:17
26bfd8f3-3ff7-4dd7-9756-6d99882e2a41,embodiment.clothing,available,32.99,32.99,high,low,10,namesilo,,,21/09/2026 08:48
cff5eb45-5ce3-4ae7-956e-ba5f129a9727,wonders.clothing,available,32.99,32.99,high,low,7,namesilo,,,18/09/2026 02:01
8b17f09a-5d7b-4091-bbe8-cddc48cb2bbd,stimulant.clothing,available,19.99,46.99,high,low,9,name.com,,,17/08/2026 16:30
f0d559da-ed9e-4abb-b89d-f1aad991f754,favorable.clothing,available,32.99,32.99,high,low,9,namesilo,,,24/09/2026 17:21
1cb48a4e-e996-4497-ac9d-b858454d4b93,arctiid.clothing,available,32.99,32.99,medium,low,7,namesilo,,,20/09/2026 02:47
aba8fb11-e4a9-4c2e-81f3-a002497b4e71,auntie.clothing,available,32.99,32.99,high,low,6,namesilo,,,21/09/2026 04:11
2c481c4a-9049-467c-ba37-27ac3dff04fc,weeklong.clothing,available,31.98,35.68,medium,low,8,namecheap,,,10/09/2026 05:01
13011bee-1add-4b0c-be4d-d6e9a7c750f8,gushing.clothing,available,19.99,46.99,high,low,7,name.com,,,11/08/2026 10:18
b07cf46a-859d-4f34-b752-f89c4e59a47c,transexual.clothing,available,31.98,35.68,medium,low,10,namecheap,,,11/09/2026 19:01
b4883323-4dd7-4fd3-8e32-fd4b0f6a53de,occluded.clothing,available,31.98,35.68,medium,low,8,namecheap,,,04/09/2026 00:12
44a047b8-57d3-489e-8f31-ddef7cacc007,omniscient.clothing,available,19.99,46.99,high,low,10,name.com,,,
65e125ae-9409-4a5e-bf93-a4b1a5456772,wired.clothing,available,19.99,,high,low,5,name.com,,,
e2490726-38d5-43af-bf4d-c5514ccaaf9a,anasarca.clothing,available,32.99,32.99,medium,low,8,namesilo,,,19/09/2026 03:14
64f742c7-0430-453d-bb92-2030f4935439,packets.clothing,available,32.99,32.99,medium,low,7,namesilo,,,20/09/2026 14:11
5a446061-4a55-4521-8fee-f8ecf1bf8b31,apparatus.clothing,available,31.98,35.68,high,low,9,namecheap,,,19/09/2026 19:49
021b8e13-d6e3-41e3-bb35-0a4cc75b6fd8,eyrie.clothing,available,19.99,46.99,high,low,5,name.com,,,
6a81b7a8-7fd1-47d2-8c1c-69a0aa1eb067,proclaim.clothing,available,19.99,,high,low,8,name.com,,,
01f4da92-b2cf-4cd0-86f6-bb11da0d3345,washed.clothing,premium,78.54,78.54,high,low,6,namesilo,,,13/09/2026 08:31
7d761896-3ce4-4c9b-a1a3-d8c0d88d91ac,selflessly.clothing,available,31.98,35.68,medium,low,10,namecheap,,,13/09/2026 19:23
61ca3a24-54ff-4e79-a354-738ef97e9a84,documented.clothing,available,32.99,32.99,high,low,10,namesilo,,,22/09/2026 11:37
98fe190e-f7b3-4ea3-8b3f-bba55a0c1445,oxalis.clothing,available,31.98,35.68,medium,low,6,namecheap,,,10/09/2026 14:35
40bf55aa-2087-423e-ae9b-d644c46c034e,downtime.clothing,available,32.99,32.99,high,low,8,namesilo,,,24/09/2026 23:41
0bbdfd3c-e22b-4641-8f1b-14f336b66e3c,antiquated.clothing,available,19.99,46.99,high,low,10,name.com,,,
477ae693-8cfa-4cd7-ae23-7aca6cc5df5c,brachial.clothing,available,19.99,46.99,medium,low,8,name.com,,,11/08/2026 00:19
376266b7-7846-429e-8e1c-320e65a144d7,toxicant.clothing,available,31.98,35.68,medium,low,8,namecheap,,,08/09/2026 22:42
9afbdd96-4280-4aca-b717-3be0fdb6d7e3,actinic.clothing,available,19.99,46.99,medium,low,7,name.com,,,
fbea8251-754e-4b40-8e4a-8a9a9e75520a,estates.clothing,available,32.99,32.99,medium,low,7,namesilo,,,18/09/2026 06:36
bbf63751-6859-47f4-8974-0b84f918227a,blackface.clothing,available,19.99,46.99,medium,low,9,name.com,,,24/09/2026 02:15
7ef05691-43dd-45a1-b52e-097c4aa912aa,cognizant.clothing,available,19.99,46.99,high,low,9,name.com,,,08/08/2026 00:13
c38c8fc9-4e98-47e9-9ba6-92de3dd6e2d9,eggs.clothing,available,19.99,,high,low,4,name.com,,,
157dcc8e-0d7d-467a-9e59-fc897522c914,avidity.clothing,available,32.99,32.99,high,low,7,namesilo,,,21/09/2026 09:28
2033efc4-eed6-4d2b-8116-a526fb9a9716,cars.clothing,available,32.99,32.99,high,medium,4,namesilo,,,17/09/2026 14:10
ab5f9354-65b3-4d2d-87d6-1d62ba7bc1da,carthage.clothing,available,31.98,35.68,medium,low,8,namecheap,,,25/09/2026 04:02
a612302e-6a8f-4577-80d5-eeb711ce079f,sudanese.clothing,available,31.98,35.68,high,low,8,namecheap,,,11/09/2026 01:05
cfac8c9a-db33-4446-93f2-2fe703414306,chemist.clothing,available,32.99,32.99,high,low,7,namesilo,,,19/09/2026 19:39
a9aa050c-170b-4f26-9bdf-c0bff355ca5d,balboa.clothing,available,31.98,35.68,high,low,6,namecheap,,,21/09/2026 21:24
bd7b83c7-62d5-4df1-8609-ca9cb9fcc028,fussy.clothing,available,19.99,46.99,medium,low,5,name.com,,,08/08/2026 07:47
bd35dee7-9bc8-4a2d-828d-50bf39f01f8c,lucidly.clothing,available,31.98,35.68,medium,low,7,namecheap,,,15/09/2026 12:12
334e012c-0950-4221-9c56-bc1d05b595ca,gaga.clothing,available,19.99,46.99,high,low,4,name.com,,,14/08/2026 14:34
c764a512-9f9a-454b-a25d-7cd162161a77,laboured.clothing,available,19.99,46.99,medium,low,8,name.com,,,22/08/2026 17:40
438b3afe-0f76-4034-a5c2-51f3b7055685,concoct.clothing,available,19.99,,high,low,7,name.com,,,
fb47eea1-43c7-428b-95dd-f655b502b53e,rambling.clothing,available,19.99,46.99,high,low,8,name.com,,,17/08/2026 16:41
f34f48f8-3c0a-4dbf-a394-b2031ad145a8,invasive.clothing,available,19.99,46.99,high,low,8,name.com,,,16/08/2026 23:54
d54b3dff-f7fb-4cb9-860b-013d030e7782,vested.clothing,available,31.98,35.68,high,low,6,namecheap,,,13/09/2026 04:49
d8481e86-344e-4772-a141-f9eb3a89e08d,ascesis.clothing,available,32.99,32.99,medium,low,7,namesilo,,,20/09/2026 13:10
b2eaf2dc-6637-4d28-b78d-e0813a79b2b7,beverage.clothing,available,31.98,35.68,high,low,8,namecheap,,,23/09/2026 19:28
2147f2ae-00a9-4962-a98f-6f29f5b273a0,nighttime.clothing,available,19.99,,high,low,9,name.com,,,
f091047f-87f7-4b0d-9e5f-a0e3d2a1e500,ivory.clothing,available,31.98,35.68,high,low,5,namecheap,,,04/09/2026 01:20
888674ff-3df5-4a85-9211-c7948c542e77,cord.clothing,available,19.99,,high,low,4,name.com,,,
244120d8-e227-4184-84c8-2bdf04aeef3e,limit.clothing,available,19.99,,high,low,5,name.com,,,
5170d555-615b-4267-b620-6d16bbb2cee9,where.clothing,available,19.99,,high,low,5,name.com,,,
31237553-da7d-42e9-9e70-31607a283e83,resentful.clothing,available,31.98,35.68,medium,low,9,namecheap,,,09/09/2026 14:48
2253c3d3-e8f1-45f6-9ca3-8b97c63db118,chthonian.clothing,available,19.99,46.99,medium,low,9,name.com,,,12/08/2026 07:26
24301e21-a027-4b22-a86b-e961bf554779,want.clothing,available,19.99,,high,low,4,name.com,,,
2e899c6e-fd53-4550-9ccc-4d31d87eca1e,pedestrian.clothing,available,31.98,35.68,high,low,10,namecheap,,,08/09/2026 12:28
9ee31090-00bf-49ad-8aeb-8ac94b872fe5,autosexing.clothing,available,32.99,32.99,medium,low,10,namesilo,,,21/09/2026 07:42
79156617-ffe2-4be3-bfbe-39dd43a490a1,soak.clothing,available,31.98,35.68,high,low,4,namecheap,,,16/09/2026 03:40
b97241bb-7581-47bf-b0c0-7cc90ac25f2e,introductions.clothing,available,32.99,32.99,medium,low,13,namesilo,,,20/09/2026 22:09
6242a8fd-296f-4864-9918-18e306c56f21,patently.clothing,available,31.98,35.68,medium,low,8,namecheap,,,08/09/2026 20:24
0f56ae6e-c0dc-4742-ae0f-2bfa21b24566,damascene.clothing,available,19.99,46.99,medium,low,9,name.com,,,13/08/2026 16:07
b8ae7f47-3d3c-4956-8e76-56eb0439f613,passbook.clothing,available,32.99,32.99,high,low,8,namesilo,,,22/09/2026 02:44
b935c371-d982-4284-bb6a-2b9305921050,binocular.clothing,available,19.99,46.99,high,low,9,name.com,,,10/08/2026 00:15
0b007a79-41fc-40b8-94fd-dbb0e8fa6847,clammy.clothing,available,19.99,46.99,medium,low,6,name.com,,,12/08/2026 09:23
78e13ab8-2590-4b85-9dc4-c9ea158690df,endurable.clothing,available,19.99,46.99,medium,low,9,name.com,,,09/08/2026 04:33
e253dd87-054f-43b8-be98-afa6ccc32ea6,fargo.clothing,premium,38.94,38.94,high,low,5,namesilo,,,25/09/2026 22:42
c3e0e32d-7cd4-4e3d-aa64-38214a76c95b,grungy.clothing,available,19.99,46.99,low,low,6,name.com,,,09/08/2026 09:36
291c330a-d91a-441b-a355-bd19c2387d32,contractor.clothing,resell,,,high,low,10,,,,24/09/2026 17:45
aaddf7af-a4a7-4ea9-9b26-c52b1f4fcd30,efficient.clothing,available,32.99,32.99,high,low,9,namesilo,,,25/09/2026 22:12
ce2ef8d3-4134-460c-96be-3811786b57a8,scold.clothing,available,32.99,32.99,high,low,5,namesilo,,,24/09/2026 16:34
195b59e1-564c-43b5-a65b-7502b5590a74,hallowmas.clothing,available,32.99,32.99,medium,low,9,namesilo,,,18/09/2026 09:30
0d37cede-67eb-4de1-96f4-230681abcd9f,catkin.clothing,available,31.98,35.68,medium,low,6,namecheap,,,18/09/2026 18:54
2fefe140-0a25-4503-acf5-84c7f7db5ef6,channel.clothing,available,31.98,35.68,high,low,7,namecheap,,,25/09/2026 09:03
e3488e3a-176f-409c-85fd-4e5f40fdb836,cervine.clothing,available,19.99,46.99,medium,low,7,name.com,,,12/08/2026 01:00
469d72a0-920e-4486-8fb9-73ad7022836f,troublous.clothing,available,31.98,35.68,low,low,9,namecheap,,,11/09/2026 20:27
badf720c-52ce-4fda-8219-acd446f36961,accommodate.clothing,available,19.99,,high,low,11,name.com,,,
1787d745-df73-4505-a678-71546b9b7764,acquirer.clothing,available,32.99,32.99,medium,low,8,namesilo,,,17/09/2026 02:40
f0725912-56a2-4750-b24f-fa6b043fb6f7,hahaha.clothing,available,19.99,,high,low,6,name.com,,,
b38d7d61-a90b-431c-b668-2d65c93793c8,elapsed.clothing,available,19.99,46.99,medium,low,7,name.com,,,16/08/2026 00:41
bb4c97c6-0e06-4761-8dbb-a7201e6a0225,parishes.clothing,available,32.99,32.99,medium,low,8,namesilo,,,18/09/2026 08:08
518d6a8a-8b81-4d07-b862-03ce5cd60b73,trey.clothing,available,19.99,46.99,high,low,4,name.com,,,
ab96332d-e71e-456d-9667-0a3510ce5c8c,albula.clothing,available,32.99,32.99,medium,low,6,namesilo,,,18/09/2026 03:24
95837290-10cd-4955-97c2-8566e775bcbc,confusing.clothing,available,31.98,35.68,high,low,9,namecheap,,,23/09/2026 20:14
be0fc43f-9bb5-45c5-821b-099b23e01683,nubby.clothing,available,19.99,46.99,medium,low,5,name.com,,,21/08/2026 11:15
c382fea1-5b94-4e7b-916b-9592362c29c3,smashing.clothing,available,19.99,46.99,high,low,8,name.com,,,08/08/2026 12:53
0b94164f-33e7-4edd-adaa-1eddc5235aaf,hospitable.clothing,available,19.99,46.99,high,low,10,name.com,,,21/08/2026 14:16
c290d31e-0bc5-4ac6-8ee4-082fced5ec3d,greek.clothing,premium,78.54,78.54,high,low,5,namesilo,,,08/09/2026 07:29
c1eb45b7-9298-4caf-8e64-8914b1ba9101,delight.clothing,available,19.99,,high,low,7,name.com,,,
1fbafbf3-5f38-4d75-b9c3-65240af621a9,remarkably.clothing,available,31.98,35.68,high,low,10,namecheap,,,15/09/2026 23:06
1e865f9c-807e-443e-99c3-736100cde036,listening.clothing,available,32.99,32.99,high,low,9,namesilo,,,25/09/2026 09:00
ac400a99-3cda-4847-8473-b8a3d7a72895,unmerciful.clothing,available,19.99,46.99,medium,low,10,name.com,,,24/08/2026 20:38
f4e8504f-f790-49e4-82a5-e32e9f516894,reporting.clothing,available,19.99,,high,low,9,name.com,,,
f231ae9e-d1f0-4024-b028-1cb728d72843,argosy.clothing,available,31.98,35.68,medium,low,6,namecheap,,,20/09/2026 04:43
efe8e3fb-5e04-4400-9de6-318c6754c7f9,ecru.clothing,available,19.99,46.99,medium,low,4,name.com,,,09/08/2026 12:26
98222136-9355-4045-9925-40a6599d9844,chamfer.clothing,available,32.99,32.99,medium,low,7,namesilo,,,23/09/2026 12:00
ccb302dd-14aa-4276-9447-b0336802dc35,medically.clothing,available,31.98,35.68,medium,low,9,namecheap,,,15/09/2026 13:56
6fe3805d-d1b9-4633-981f-8c1a8da90055,tasked.clothing,available,32.99,32.99,medium,low,6,namesilo,,,20/09/2026 17:24
9cfbb39b-b18d-4d9f-9bba-b22f72bd289a,nearly.clothing,available,19.99,,high,low,6,name.com,,,
41d8a245-f022-4526-966c-dfb03507fb50,wittingly.clothing,available,31.98,35.68,medium,low,9,namecheap,,,15/09/2026 10:32
2b544103-dec5-4977-8989-2b6bc0f09749,mil.clothing,premium,500,500,high,low,3,name.com,,,11/08/2026 22:57
3a2940df-7666-4f04-96f3-d94b1e7f9368,threesome.clothing,available,19.99,46.99,high,low,9,name.com,,,
d709e07d-51d5-479f-bacd-43a581ceb81b,feed.clothing,available,31.98,35.68,high,low,4,namecheap,,,25/09/2026 05:56
c5678c88-89f8-4bcc-8594-79431db19800,spiraea.clothing,available,32.99,32.99,medium,low,7,namesilo,,,20/09/2026 17:28
e426a590-4d26-4597-8576-c3158637d6d9,outside.clothing,available,32.99,32.99,high,low,7,namesilo,,,21/09/2026 23:49
b4b96848-03f8-4a98-96bc-78f0246b6c0c,witloof.clothing,available,32.99,32.99,medium,low,7,namesilo,,,23/09/2026 05:01
2ba11095-d1c1-4c0c-bde9-bde57b05336e,fields.clothing,available,32.99,32.99,high,low,6,namesilo,,,25/09/2026 22:46
bc630f7e-bd04-4c03-9f99-b7a1afc3cebd,ruffian.clothing,available,19.99,46.99,medium,low,7,name.com,,,11/08/2026 08:41
587aa1da-7947-4d1d-b12e-2d1042c3192b,lynchpin.clothing,available,32.99,32.99,high,low,8,namesilo,,,21/09/2026 15:18
25545299-0e37-4fd8-9eb5-694be139bdb9,carnation.clothing,available,19.99,46.99,high,low,9,name.com,,,11/08/2026 19:26
496f034a-bbaa-4668-ace4-d8110390b6e0,mckinley.clothing,available,32.99,32.99,high,low,8,namesilo,,,25/09/2026 04:51
894df83d-f2f1-4303-9f2e-f7f22b243ab5,bilge.clothing,available,32.99,32.99,high,low,5,namesilo,,,23/09/2026 15:50
178525cb-172d-4ab6-9f21-3240714081b3,paunchy.clothing,available,19.99,46.99,medium,low,7,name.com,,,
72e59912-4da2-4d24-8148-91e266db25bd,twice.clothing,available,19.99,,high,low,5,name.com,,,
67d1c585-3ebf-43f7-9558-3a0cfce630ca,cagy.clothing,available,19.99,46.99,medium,low,4,name.com,,,11/08/2026 13:21
a91c518c-485e-4eed-ab31-5dd1140b8997,session.clothing,available,19.99,,high,low,7,name.com,,,
99060582-1c9f-4b13-99bc-aef6270333ae,chirping.clothing,available,19.99,,high,low,8,name.com,,,
6f6b17b1-4b75-4592-982e-bbd51c9d4fb0,introductory.clothing,available,19.99,,high,low,12,name.com,,,
3d14e0fc-5086-4a31-a39a-41d24cf9d1e9,epicure.clothing,available,19.99,46.99,high,low,7,name.com,,,17/08/2026 10:42
3e07084f-4602-4a56-be19-1b07f23e9a36,albizia.clothing,available,32.99,32.99,high,low,7,namesilo,,,18/09/2026 03:01
6f8963b4-0106-4041-83cc-50b559410c87,munition.clothing,available,32.99,32.99,high,low,8,namesilo,,,20/09/2026 07:44
4c7e9906-b5dc-4770-bc89-08f266949952,tingle.clothing,available,31.98,35.68,medium,low,6,namecheap,,,11/09/2026 16:11
7cbd9fd9-f8bc-4937-93ee-840f7471622b,murderer.clothing,available,32.99,32.99,medium,low,8,namesilo,,,25/09/2026 08:59
ee4f78c8-6f2c-4137-9601-a5cb4e471d0e,notorious.clothing,available,19.99,46.99,high,low,9,name.com,,,21/08/2026 19:05
090299c2-668d-4fcd-9499-070d631633fe,fraternal.clothing,available,19.99,46.99,high,low,9,name.com,,,10/08/2026 03:44
889f70f2-cd24-474b-8882-f1768118df37,huxley.clothing,available,32.99,32.99,high,low,6,namesilo,,,18/09/2026 04:39
756f8892-ad44-45df-910a-d5c4678b9505,provide.clothing,available,19.99,,high,low,7,name.com,,,
b91585e1-5c7a-4f5d-859d-e6e988d83919,annual.clothing,available,32.99,32.99,high,low,6,namesilo,,,22/09/2026 05:27
212c4a51-77a4-45b5-b368-9083bf3d88af,unfaithful.clothing,available,19.99,46.99,medium,low,10,name.com,,,17/08/2026 21:18
0541d126-06b4-47ef-8194-4bd6d2f11e6b,persisting.clothing,available,19.99,46.99,high,low,10,name.com,,,14/08/2026 15:05
3b25fac3-c658-4957-9e79-4c3bdb692597,sidewalks.clothing,available,32.99,32.99,medium,low,9,namesilo,,,21/09/2026 06:21
d08a46f3-095c-4384-b5ae-ce55638aaa56,sodium.clothing,available,32.99,32.99,high,low,6,namesilo,,,20/09/2026 22:13
7619e794-773a-4b75-bff3-6a076182318a,somewhat.clothing,available,32.99,32.99,high,low,8,namesilo,,,25/09/2026 12:06
7ef60095-adce-434d-81ad-a3c57335c9eb,acromegaly.clothing,available,32.99,32.99,medium,low,10,namesilo,,,17/09/2026 03:48
a2313a8f-549d-41f2-8981-25f8f4dbb001,wrestling.clothing,premium,78.54,78.54,high,low,9,namesilo,,,
47061611-677a-479e-a6a1-d10af3c0d252,unpatented.clothing,available,31.98,35.68,medium,low,10,namecheap,,,12/09/2026 16:29
5916cf90-5726-4e73-bb83-d70774d910f7,ahimsa.clothing,available,31.98,35.68,high,low,6,namecheap,,,17/09/2026 20:23
ea561cc8-3692-46ff-bb6f-5478c3a6d231,nitpicking.clothing,available,32.99,32.99,medium,low,10,namesilo,,,19/09/2026 01:08
7e5f89ae-1673-490b-a56a-0eaa89bfeb05,dumbfound.clothing,available,32.99,32.99,medium,low,9,namesilo,,,21/09/2026 17:37
46e96261-961f-4e1c-9201-6c3b0ce15c9f,recyclable.clothing,available,31.98,35.68,high,low,10,namecheap,,,09/09/2026 11:31
176bcadb-d026-4bf0-bfdd-5e9e0d1156df,stuffy.clothing,available,19.99,46.99,high,low,6,name.com,,,
0e1a0789-c5e5-4fc5-b822-52b00e8d4d9d,patois.clothing,available,31.98,35.68,medium,low,6,namecheap,,,13/09/2026 04:15
666d0b29-5d06-439f-8f7b-0754653fda9d,pops.clothing,available,32.99,32.99,high,low,4,namesilo,,,18/09/2026 21:55
d939cb02-d8b5-45dd-be88-9446c732c51e,dai.clothing,available,32.99,32.99,high,low,3,namesilo,,,26/09/2026 00:53
d8da484d-6092-4c5c-99ed-98af9f833d35,angularity.clothing,available,31.98,35.68,medium,low,10,namecheap,,,19/09/2026 07:43
c8f66e7c-0b47-4cf2-b855-cd773acafdde,allylic.clothing,available,19.99,46.99,medium,low,7,name.com,,,
b964a473-ca3b-4fb7-bc44-58d4bfbb8675,expose.clothing,available,19.99,,high,low,6,name.com,,,
aff185c5-4eab-4ff9-8a8c-38b2039a7e6a,theist.clothing,available,31.98,35.68,medium,low,6,namecheap,,,11/09/2026 12:37
ca672d25-33a1-44bf-8cd3-08519d4810c1,didnt.clothing,available,19.99,,medium,low,5,name.com,,,
0dabf4a6-2cec-44f2-b111-eb8cd7d73ddc,physics.clothing,available,32.99,32.99,high,low,7,namesilo,,,25/09/2026 23:49
aec5ba73-7e94-4ae0-b80d-d6f2c9082490,congregational.clothing,available,19.99,,medium,low,14,name.com,,,
09275b0a-970f-4452-80bf-8336ce2dcf59,apathy.clothing,available,32.99,32.99,medium,low,6,namesilo,,,19/09/2026 16:17
3a0e2dac-f600-4d99-b3d0-ed4e416dcc5a,andira.clothing,available,32.99,32.99,medium,low,6,namesilo,,,19/09/2026 04:05
8db5a244-b7d8-41a2-a0e0-db8e82f6624e,cloaked.clothing,available,19.99,46.99,high,low,7,name.com,,,12/08/2026 11:28
dbd86652-fb35-4d57-8ba0-8d345572d04e,limbic.clothing,available,19.99,46.99,medium,low,6,name.com,,,23/08/2026 11:49
844a6c52-ede9-4225-90c4-586d056d0c69,nearer.clothing,available,19.99,,medium,low,6,name.com,,,
c9f72034-d059-4c38-a2ad-2c1f232510f9,northmost.clothing,available,31.98,35.68,medium,low,9,namecheap,,,03/09/2026 21:38
4904b014-342b-4110-b4d7-6967ce3a9a09,indulging.clothing,available,31.98,35.68,high,low,9,namecheap,,,05/09/2026 00:26
1c5dbe1e-cf0a-498a-886a-1a118302c7ab,require.clothing,available,19.99,,high,low,7,name.com,,,
88ddaa8e-5b41-4733-9173-2117f8532314,treasury.clothing,available,32.99,32.99,high,low,8,namesilo,,,24/09/2026 21:57
5beb31a5-0362-4877-ac00-19e0648be49a,sacred.clothing,available,32.99,32.99,high,low,6,namesilo,,,24/09/2026 23:19
1598692a-86e5-4c41-80cd-f407a75e6866,quaintly.clothing,available,31.98,35.68,high,low,8,namecheap,,,15/09/2026 22:07
be8cd839-abea-4d6f-b1a0-be1ea445a29c,convention.clothing,available,31.98,35.68,high,low,10,namecheap,,,03/09/2026 21:13
25a75f5c-954c-45ff-b84d-22a3d03cefdd,capitalize.clothing,available,19.99,,high,low,10,name.com,,,
26ecf4d2-71c5-47e2-bde5-c434f54c6446,tocsin.clothing,available,32.99,32.99,medium,low,6,namesilo,,,18/09/2026 01:57
1927f042-c223-4a4a-9217-8927bd24822b,testator.clothing,available,31.98,35.68,medium,low,8,namecheap,,,11/09/2026 12:02
20069fcc-0bac-4a22-ba9b-3dda57ec4eac,wherever.clothing,available,31.98,35.68,medium,low,8,namecheap,,,16/09/2026 11:29
21b4bb23-9a3b-4590-898f-b1fb4dfdca8a,miscible.clothing,available,19.99,46.99,medium,low,8,name.com,,,25/08/2026 01:23
d1259ef4-5b41-480a-a766-d7544dfc2f16,email.clothing,available,19.99,,high,medium,6,name.com,,,
0d9c7887-3aae-4aa1-ae5b-0c1175b235c0,ventura.clothing,premium,118.8,118.8,high,low,7,namesilo,,,25/09/2026 16:33
bb89c7be-388c-48d8-9ec4-b59f637eb792,beldame.clothing,available,32.99,32.99,medium,low,7,namesilo,,,23/09/2026 04:46
7549807b-92df-4075-8ea6-521ede53bd07,fervently.clothing,available,31.98,35.68,medium,low,9,namecheap,,,14/09/2026 18:24
98e1f2d6-0672-4aca-a6d4-02ef7499e7dc,dont.clothing,available,32.99,32.99,low,low,4,namesilo,,,17/09/2026 00:37
2627c7ac-d129-4349-8532-4525b91989d5,inexplicit.clothing,available,19.99,46.99,medium,low,10,name.com,,,21/08/2026 22:39
187ce65a-3886-40d5-a661-49bd052991a1,dismayed.clothing,available,19.99,46.99,medium,low,8,name.com,,,
51ad14e2-0a62-46eb-aada-58a8477324e7,sinewy.clothing,available,19.99,46.99,medium,low,6,name.com,,,11/08/2026 02:52
f73c1d15-82e5-4eac-9371-9f9a2745d2b1,advisors.clothing,available,32.99,32.99,medium,low,8,namesilo,,,24/09/2026 14:22
5450912a-66ac-4b99-8271-80b4e914c39c,engulf.clothing,available,31.98,35.68,medium,low,6,namecheap,,,10/09/2026 19:51
944f8f9c-1a8a-4a22-9926-6adf7f6f4287,fatally.clothing,available,31.98,35.68,medium,low,7,namecheap,,,14/09/2026 17:51
b2d30393-996c-40a8-87ea-92f12edbb65e,society.clothing,available,19.99,,high,low,7,name.com,,,
82508b33-aa8e-4f2c-9714-a980169f0f54,baud.clothing,available,32.99,32.99,medium,low,4,namesilo,,,22/09/2026 16:32
35494850-84db-4083-bba6-f8e1d25723ae,onrush.clothing,available,31.98,35.68,medium,low,6,namecheap,,,21/09/2026 01:07
577799c3-9730-4755-9c61-44c985a4291a,hexangular.clothing,available,19.99,46.99,medium,low,10,name.com,,,21/08/2026 07:48
01d625b0-5276-4829-8c7e-0e9ea9b331a1,prizes.clothing,available,32.99,32.99,high,low,6,namesilo,,,20/09/2026 04:19
895f7982-3243-482f-a229-262cbb88a758,proximate.clothing,available,31.98,35.68,high,low,9,namecheap,,,09/09/2026 04:46
8326eb2c-f2b3-4bdc-b9c4-ca59f9ab2f29,scandent.clothing,available,31.98,35.68,medium,low,8,namecheap,,,09/09/2026 22:32
b2879987-be97-444b-bd2c-fe1b2f3a8420,rhetorical.clothing,available,31.98,35.68,high,low,10,namecheap,,,09/09/2026 16:37
e8f8e98c-ebea-4fd1-932e-68cd3657b274,brown.clothing,premium,78.54,78.54,high,low,5,namesilo,,,23/09/2026 10:03
b8b831b6-5991-4166-9f10-f17a83fb2ee7,corrode.clothing,available,31.98,35.68,high,low,7,namecheap,,,09/09/2026 20:10
d91e0ef0-1dd8-4c60-ada6-8d4e4c31be01,apr.clothing,available,31.98,35.68,high,low,3,namecheap,,,19/09/2026 22:28
55e8c9bc-34fa-4ee1-b3c9-638e7a7c6821,significant.clothing,available,19.99,,high,low,11,name.com,,,
4bb77575-2701-4258-b418-162d32125225,lossless.clothing,available,19.99,46.99,medium,low,8,name.com,,,24/08/2026 09:56
bc62c8e0-6c11-4886-afe6-cee537a3ad40,dipylon.clothing,available,19.99,46.99,medium,low,7,name.com,,,14/08/2026 08:43
4c93c611-266f-4ddd-93b1-cea56c1db384,liz.clothing,premium,78.54,78.54,high,low,3,namesilo,,,25/09/2026 14:24
19746dd6-3729-4b7e-a3e4-8ee126397354,abuja.clothing,available,19.99,46.99,medium,low,5,name.com,,,16/09/2026 18:50
e308fdbf-87a8-4262-adc8-c42fb466aec3,abilities.clothing,available,32.99,32.99,high,low,9,namesilo,,,17/09/2026 04:45
2904500f-31bd-46b4-a7d3-196f11e902d5,omnivorous.clothing,available,31.98,35.68,medium,low,10,namecheap,,,04/09/2026 13:56
fc625264-428a-4a6d-a7a9-9ad294f4a4d4,powdered.clothing,available,32.99,32.99,high,low,8,namesilo,,,19/09/2026 15:51
574bb464-014e-4a13-8b45-538c8eef2667,bentonite.clothing,available,31.98,35.68,high,low,9,namecheap,,,23/09/2026 08:46
f63ac32a-7d99-404f-b38a-69213efeee81,touchstone.clothing,available,31.98,35.68,high,low,10,namecheap,,,10/09/2026 18:36
b7ea302f-6087-4229-aa18-9175678c41e8,eurasian.clothing,available,19.99,46.99,high,low,8,name.com,,,17/08/2026 14:26
47e65093-1383-4312-a108-95cae21eec4a,arioso.clothing,available,31.98,35.68,medium,low,6,namecheap,,,20/09/2026 05:35
53574ac0-ed79-4975-8f23-19a066a78900,arrack.clothing,available,32.99,32.99,medium,low,6,namesilo,,,19/09/2026 23:47
47cb6d95-19e9-4a88-8cf6-55ecd827d5b4,flips.clothing,available,31.98,35.68,medium,low,5,namecheap,,,19/09/2026 20:33
03f805d9-1df9-409a-b8e7-2694749f1497,pathogenic.clothing,available,19.99,46.99,medium,low,10,name.com,,,22/08/2026 04:17
10f7c8ec-8362-48ad-bcb8-bc527d1f0184,recovered.clothing,available,19.99,46.99,high,low,9,name.com,,,13/08/2026 11:06
3c7801e8-853b-4711-8d04-122f6b39ce97,acid.clothing,available,,,high,low,4,,,,
ad86fdaa-f13a-4a90-a572-82d3df7ba736,gallstone.clothing,available,32.99,32.99,medium,low,9,namesilo,,,23/09/2026 15:46
bce3fb67-3774-410e-9570-b9aac5c0636d,wassermann.clothing,available,32.99,32.99,high,low,10,namesilo,,,21/09/2026 03:49
e08efc89-a03e-467a-ad65-d1b530508e3d,crowd.clothing,available,19.99,,high,low,5,name.com,,,
c27a9173-d70b-48d9-ac53-f8fe0cf6891e,sycophant.clothing,available,32.99,32.99,medium,low,9,namesilo,,,20/09/2026 15:34
0108fecf-ceb6-4c2a-a260-c6c6ec1e767b,dickinson.clothing,available,32.99,32.99,high,low,9,namesilo,,,25/09/2026 04:53
ef4d96ba-2e10-466f-b090-a5393e1df4ca,berberis.clothing,available,32.99,32.99,high,low,8,namesilo,,,23/09/2026 09:08
92ce97c9-8795-4da3-a2d9-b8543661cbee,comforter.clothing,available,31.98,35.68,high,low,9,namecheap,,,18/09/2026 10:03
eab04ba3-09dd-4be5-acec-369501113c43,flap.clothing,available,32.99,32.99,high,low,4,namesilo,,,24/09/2026 23:15
1ac1a6b2-db24-4f0b-91b1-7f7a948e7af1,crisply.clothing,available,31.98,35.68,medium,low,7,namecheap,,,14/09/2026 09:37
c80dc086-b87d-4be3-881b-daf2b33ec9f6,reached.clothing,available,31.98,35.68,medium,low,7,namecheap,,,17/09/2026 19:16
66cfad36-e065-4aa3-8ab7-520961a0217f,aboriginal.clothing,available,19.99,46.99,high,low,10,name.com,,,
0b696b8b-812d-400c-967f-13ca6331deb1,dough.clothing,available,31.98,35.68,high,low,5,namecheap,,,08/09/2026 03:53
ef530f23-6b52-4785-8f99-4bcd2a95b9fa,ardeidae.clothing,available,32.99,32.99,medium,low,8,namesilo,,,20/09/2026 03:06
e15153dc-7e9e-4054-bea6-bc6edf9b809e,sportswear.clothing,premium,242,242,high,low,10,namesilo,,,17/09/2026 05:14
01c18a3b-3913-48b4-a516-16e55e92baba,mocking.clothing,available,19.99,46.99,medium,low,7,name.com,,,14/08/2026 02:52
813b7948-24d6-4c6d-b42d-b1145b1542ab,bicycling.clothing,available,31.98,35.68,high,low,9,namecheap,,,23/09/2026 13:28
7b73c927-a18a-4eef-bed5-fe1377108938,heartening.clothing,available,19.99,46.99,high,low,10,name.com,,,21/08/2026 02:09
6f03f215-d152-428d-8833-b499cb5cd4e8,camo.clothing,premium,42.9,42.9,high,low,4,namecheap,,,24/09/2026 08:31
0cb553a2-7520-4022-b1df-c522729b40e5,choosy.clothing,available,19.99,46.99,medium,low,6,name.com,,,12/08/2026 06:53
62cfe777-4289-4a44-8eea-a8ed51768628,spacious.clothing,available,19.99,,high,low,8,name.com,,,
e59bc711-76cd-4d0c-8250-de1130b67f56,ajax.clothing,available,31.98,35.68,high,low,4,namecheap,,,17/09/2026 23:41
d7348c4f-1fd5-4107-8078-51a41fdd717c,delivery.clothing,available,19.99,,high,low,8,name.com,,,
7251a113-f9c3-43a9-b82f-16e298cf7529,graduation.clothing,available,32.99,32.99,high,low,10,namesilo,,,24/09/2026 16:27
5c678698-8082-4a43-8bb9-45f476edc302,impellent.clothing,available,19.99,46.99,medium,low,9,name.com,,,21/08/2026 22:03
c5e67d76-1fe4-4254-892d-510fcb5501fe,bistro.clothing,available,32.99,32.99,high,low,6,namesilo,,,23/09/2026 22:13
c0e9d0d9-a33a-4e2e-b4f9-64a82a44bfda,oversized.clothing,available,31.98,35.68,high,low,9,namecheap,,,04/09/2026 19:45
f1bb5023-cbc4-4164-974e-22c149eabff4,bartholdi.clothing,available,32.99,32.99,medium,low,9,namesilo,,,22/09/2026 09:11
bb072f8a-ec1b-4b9f-ba06-586d9e1e186a,successful.clothing,available,19.99,,high,low,10,name.com,,,
265a3efb-bae9-49a1-a87b-f455abae9e1a,hurry.clothing,available,19.99,,high,low,5,name.com,,,
4cce4536-e079-4b41-aeb6-880f1215f262,hairdryers.clothing,available,32.99,32.99,medium,low,10,namesilo,,,20/09/2026 13:02
6f3638e8-6743-4571-84b9-07a8cf156897,mated.clothing,available,19.99,46.99,medium,low,5,name.com,,,24/08/2026 17:10
ad0cc539-5ac3-4874-9ef4-ad7dc366a20d,stupefying.clothing,available,31.98,35.68,low,low,10,namecheap,,,10/09/2026 18:10
8a48ff2b-7aaf-4228-8295-f08246c11514,employable.clothing,available,19.99,46.99,high,low,10,name.com,,,16/08/2026 18:22
72a193a4-301d-4153-a408-cb7c20fc29db,retinal.clothing,available,19.99,46.99,high,low,7,name.com,,,09/09/2026 15:37
ce5c0fc7-52a2-4c15-89bd-2242c5301ea9,search.clothing,premium,118.8,118.8,high,medium,6,namesilo,,,
a7eab588-b442-451c-a7aa-c8895e04b539,excavate.clothing,available,19.99,46.99,high,low,8,name.com,,,21/08/2026 10:33
12396258-8bf4-4606-b4a8-68aa728e8951,brushing.clothing,available,19.99,,high,low,8,name.com,,,
abd6585a-0cc5-46bc-8838-555a8c7087fa,surging.clothing,available,19.99,46.99,high,low,7,name.com,,,09/08/2026 21:44
55dacf32-3635-4262-ade3-bacda5508981,shamanism.clothing,available,32.99,32.99,high,low,9,namesilo,,,20/09/2026 14:05
6198be09-59cb-4a32-948c-c8531b6bab26,surveys.clothing,available,31.98,35.68,medium,low,7,namecheap,,,17/09/2026 07:59
9c03b860-f297-4ebe-aa80-510f73e70d56,all.clothing,resell,38.94,38.94,high,medium,3,"Sav.com, LLC",04/07/2026 20:24,04/07/2027 20:24,26/09/2026 03:47
32b8a9b2-e02b-4f68-acfe-2d9a98967cd3,fell.clothing,available,19.99,46.99,medium,low,4,name.com,,,08/08/2026 15:49
cd3ccac1-8ae2-447a-95f9-372498252665,degree.clothing,available,19.99,46.99,high,low,6,name.com,,,23/08/2026 00:33
c4c4a089-e75c-40f5-97bd-0f6607f607eb,fungoid.clothing,available,19.99,46.99,medium,low,7,name.com,,,18/08/2026 18:37
30bc9e29-ced2-453e-948f-b1ba15f3474f,singsong.clothing,available,19.99,46.99,high,low,8,name.com,,,12/08/2026 02:09
81d2dd59-bb87-49c4-bb88-379ec75e4b28,cultivated.clothing,available,19.99,46.99,high,low,10,name.com,,,13/08/2026 10:14
735854e3-ae4f-48b6-bf12-7ea85f76e75b,rodgers.clothing,available,32.99,32.99,high,low,7,namesilo,,,25/09/2026 10:22
09ba4e0f-c872-4d37-87ce-f6c6ca51229d,tricolour.clothing,available,31.98,35.68,high,low,9,namecheap,,,11/09/2026 19:27
52d7c885-63be-4c8b-b279-7c7876b051e2,acheron.clothing,available,32.99,32.99,medium,low,7,namesilo,,,17/09/2026 00:29
44a57a6c-5990-48a6-9bdc-02a3c2516048,sugared.clothing,available,31.98,35.68,medium,low,7,namecheap,,,11/09/2026 01:16
c7e9ac3f-d550-4f65-b912-c4216dc63d45,ascus.clothing,available,32.99,32.99,medium,low,5,namesilo,,,20/09/2026 13:28
42be5429-0032-4b0d-a126-35d5cc8c8b3b,officially.clothing,available,31.98,35.68,high,low,10,namecheap,,,14/09/2026 19:44
392231ce-262d-46a1-9e60-dd6bdeac16aa,outraged.clothing,available,19.99,46.99,medium,low,8,name.com,,,22/08/2026 01:03
3cb474ac-a83d-454a-8520-cbc205af9719,bpi.clothing,available,32.99,32.99,high,low,3,namesilo,,,23/09/2026 22:46
64ec3a97-3491-4fcb-8176-7774f9d61b71,disposal.clothing,available,32.99,32.99,high,low,8,namesilo,,,17/09/2026 08:43
746f1686-5971-4dda-8fba-ab20ddca5f5e,uncapped.clothing,available,31.98,35.68,medium,low,8,namecheap,,,12/09/2026 04:44
8f97a332-bbdd-4b9e-b1f5-cd9638c8517a,gamers.clothing,available,31.98,35.68,high,low,6,namecheap,,,20/09/2026 23:00
8a644ff9-4f8a-462a-ad3f-7d16be20c74b,orally.clothing,available,31.98,35.68,medium,low,6,namecheap,,,15/09/2026 18:11
9532cb66-296e-4520-9f62-775b6c1e7e29,collecting.clothing,available,32.99,32.99,high,low,10,namesilo,,,20/09/2026 16:02
acd6ea19-45b7-450d-8875-24399a6f8583,mirish.clothing,available,32.99,32.99,medium,low,6,namesilo,,,16/09/2026 16:36
2fa6e1eb-fd38-43f3-a6b2-426bfd7562b1,parade.clothing,available,32.99,32.99,high,low,6,namesilo,,,25/09/2026 09:47
fae3a8e3-8a82-496f-aca9-f0557fded9dd,addict.clothing,available,31.98,35.68,high,low,6,namecheap,,,17/09/2026 06:48
37d051a2-ebe2-42bc-a70e-37d06fb89dcf,credence.clothing,available,31.98,35.68,high,low,8,namecheap,,,16/09/2026 21:59
7189e899-a32b-4ef8-b85d-340fb6c8ba82,clapping.clothing,available,31.98,35.68,high,low,8,namecheap,,,19/09/2026 20:57
8153ff86-2276-4e4a-b284-24174a74fa0a,asystole.clothing,available,31.98,35.68,medium,low,8,namecheap,,,20/09/2026 18:57
dbd4beb1-1bf8-4664-a217-3591170b65fa,genovese.clothing,available,19.99,46.99,high,low,8,name.com,,,18/08/2026 21:49
2f3a5b3d-8ea6-4503-9953-bb197cbfa121,aiglet.clothing,available,31.98,35.68,medium,low,6,namecheap,,,17/09/2026 18:23
a78a294c-7424-4eb0-928a-ec41adac6664,choosey.clothing,available,19.99,46.99,medium,low,7,name.com,,,12/08/2026 06:55
371b01a5-c2f5-4008-b8fa-5dac3c59a980,arborvitae.clothing,available,32.99,32.99,medium,low,10,namesilo,,,20/09/2026 00:54
7f46217c-069e-4429-bac0-a49bae893a1b,appro.clothing,available,32.99,32.99,medium,low,5,namesilo,,,19/09/2026 22:20
cec86d9c-96ab-46e7-a645-2788ac233b34,naive.clothing,available,31.98,35.68,high,low,5,namecheap,,,03/09/2026 12:50
a485ee71-4ea6-4024-8cf9-168acd5baaca,owlish.clothing,available,31.98,35.68,medium,low,6,namecheap,,,04/09/2026 22:14
3765ef0f-d5d4-4e31-a604-4128d12b8463,bennington.clothing,available,32.99,32.99,high,low,10,namesilo,,,23/09/2026 08:33
75afb0d1-6662-4047-806a-d91947250f1d,secondly.clothing,available,19.99,,medium,low,8,name.com,,,
8849a059-bcd5-4e66-9bb4-d1a7e7e34bd7,wait.clothing,available,31.98,35.68,high,low,4,namecheap,,,13/09/2026 07:44
ab95e2d3-a98a-4619-9c53-2636cb636b76,awheel.clothing,available,19.99,46.99,medium,low,6,name.com,,,08/08/2026 01:05
71e820bc-0084-4f0e-9a92-472d3e67106a,klein.clothing,available,32.99,32.99,high,low,5,namesilo,,,25/09/2026 03:56
5d6f288b-a416-4e37-b260-abc593a6fc5d,tobacco.clothing,available,19.99,,medium,low,7,name.com,,,
412b4d7d-1df0-4032-b3b8-16eb29f447e5,font.clothing,available,32.99,32.99,high,low,4,namesilo,,,22/09/2026 03:31
56515ca0-4302-4226-802a-b9f2f03ea9a4,homewards.clothing,available,19.99,46.99,medium,low,9,name.com,,,21/08/2026 11:24
84bcf875-5b08-433c-a787-9b8117b969d1,scarlet.clothing,available,19.99,46.99,high,low,7,name.com,,,10/08/2026 15:12
31db95b1-592e-4c30-b939-08f118c81866,abaft.clothing,available,19.99,46.99,low,low,5,name.com,,,
0b6e5ae2-8ef9-42d9-8343-e5c093c16a92,hirsute.clothing,available,19.99,46.99,medium,low,7,name.com,,,20/08/2026 22:11
2a93e661-a9a3-4a88-b079-4647d2b4aced,concert.clothing,available,32.99,32.99,high,low,7,namesilo,,,25/09/2026 03:04
d92ecc65-2beb-4bcb-8132-fda5b4aa4bf9,equestrian.clothing,premium,38.94,38.94,high,low,10,namesilo,,,17/08/2026 11:42
99dcf88a-fe14-424c-9985-e64097ca5e6a,impersonal.clothing,available,19.99,46.99,medium,low,10,name.com,,,21/08/2026 22:13
219b362e-ff6d-4ed3-b7f5-7ed0f567f7f0,adopted.clothing,available,19.99,46.99,high,low,7,name.com,,,
ca7df9b6-f2ce-43ab-8749-dc89e5a2fd9d,arame.clothing,available,32.99,32.99,medium,low,5,namesilo,,,19/09/2026 23:56
a32b9615-be58-4595-890a-f7bd71e209c4,perturb.clothing,available,32.99,32.99,medium,low,7,namesilo,,,24/09/2026 22:49
4a5ded42-1d45-4424-bc50-8358bffa6639,hub.clothing,premium,118.8,118.8,high,medium,3,namesilo,,,
4316efba-2e22-4aba-a1df-cd5699840c30,charnel.clothing,available,19.99,46.99,medium,low,7,name.com,,,12/08/2026 02:37
56b54ca3-8113-4e9d-89d3-67b186793b48,menu.clothing,available,19.99,,high,low,4,name.com,,,
65f1a9db-754e-4e5a-a2da-621c46d41e9e,hopkins.clothing,available,32.99,32.99,high,low,7,namesilo,,,19/09/2026 13:42
5479ae9e-b838-43c1-b9c4-e73d4cf93e5d,stubby.clothing,available,31.98,35.68,high,low,6,namecheap,,,10/09/2026 22:56
64f74180-ad24-455c-9217-c58f02d78275,kokka.clothing,available,31.98,35.68,medium,low,5,namecheap,,,08/09/2026 07:02
9360e9a4-fdaf-426a-a2bd-dcdd6647eae3,full.clothing,available,32.99,32.99,high,low,4,namesilo,,,24/09/2026 14:07
cf3daafd-8a1f-43bb-9f7f-6c880d9cec84,tamanoir.clothing,available,32.99,32.99,medium,low,8,namesilo,,,19/09/2026 12:16
17e6b66e-e890-4131-8a33-c388dd6df2f1,propulsive.clothing,available,19.99,46.99,high,low,10,name.com,,,09/09/2026 03:32
fc14f172-1223-44bc-985d-f2a6b946f4b8,totipotent.clothing,available,31.98,35.68,medium,low,10,namecheap,,,11/09/2026 18:12
cf14ff2e-8dfe-429a-88ad-a34fa935e4fa,abdication.clothing,available,32.99,32.99,medium,low,10,namesilo,,,16/09/2026 14:43
81fc7cf9-d30b-4d84-92b9-523edcbe9090,sudden.clothing,available,19.99,,high,low,6,name.com,,,
f018cb22-a562-4763-839e-76202db9ea6a,idol.clothing,available,32.99,32.99,high,low,4,namesilo,,,22/09/2026 22:03
2494be01-7910-4bf0-b189-c6f9bb5e118e,trauma.clothing,available,31.98,35.68,high,low,6,namecheap,,,25/09/2026 07:04
4d760cb1-fcb9-4480-86df-740bc10dcc97,stupidity.clothing,available,32.99,32.99,medium,low,9,namesilo,,,23/09/2026 11:18
35007524-5eea-4a8b-8208-80795087467f,unopposed.clothing,available,31.98,35.68,medium,low,9,namecheap,,,12/09/2026 16:16
0427af89-fa0b-46d9-b6d1-6dda93e4a6bf,otic.clothing,available,19.99,46.99,medium,low,4,name.com,,,07/08/2026 17:41
3de4bd7f-3785-4587-a71a-781414a72eab,imitator.clothing,available,31.98,35.68,medium,low,8,namecheap,,,19/09/2026 16:27
cf62bbf0-3099-4055-b467-459cd1fd8317,moresque.clothing,available,19.99,46.99,medium,low,8,name.com,,,25/08/2026 06:01
6e5eb4fd-00b6-4e4b-83e4-4ed80e3d1fa0,hotcake.clothing,available,31.98,35.68,high,low,7,namecheap,,,22/09/2026 14:33
0be9d60f-4d7b-41e8-aee2-a9c70fc7704e,advantage.clothing,available,19.99,,high,low,9,name.com,,,
7575b0e9-60d1-49bb-b2a0-dd3a882d7d35,beryllium.clothing,available,32.99,32.99,medium,low,9,namesilo,,,20/09/2026 23:00
c2002ddf-f520-4a2b-9153-77f589545e39,dully.clothing,available,31.98,35.68,low,low,5,namecheap,,,14/09/2026 14:43
5ee1ef6e-1eb6-453b-ba6f-75cea395a711,expects.clothing,available,32.99,32.99,medium,low,7,namesilo,,,20/09/2026 01:39
e6ad16c8-643c-4599-81b4-113a7c832356,booster.clothing,available,32.99,32.99,high,low,7,namesilo,,,17/09/2026 08:57
24508d44-6708-487c-b1f3-f2a56d05fabe,mist.clothing,available,32.99,32.99,high,low,4,namesilo,,,25/09/2026 23:43
9e95bf7e-089a-426a-a989-4bb199bb9c72,dovish.clothing,available,19.99,46.99,medium,low,6,name.com,,,14/08/2026 17:07
1ba7b47b-90b1-4494-8332-8e270f6a711d,rehabs.clothing,available,32.99,32.99,medium,low,6,namesilo,,,20/09/2026 09:43
dad8a94d-8543-49ba-ab8b-ce84d522d221,uninformed.clothing,available,31.98,35.68,medium,low,10,namecheap,,,12/09/2026 13:22
a5edfaea-c6c2-49c8-aa12-fee4290a31f5,doctors.clothing,available,32.99,32.99,high,low,7,namesilo,,,18/09/2026 07:41
17e59088-9f43-4fe2-9207-73a878864f7d,untaped.clothing,available,31.98,35.68,low,low,7,namecheap,,,12/09/2026 10:16
1a01c6e7-607d-47d9-a1dd-8ef939195c62,lettered.clothing,available,19.99,46.99,medium,low,8,name.com,,,22/08/2026 16:54
c8ee0ace-1630-4ae3-ba4d-3c90bd526293,rarefy.clothing,available,19.99,46.99,medium,low,6,name.com,,,07/08/2026 15:31
e7940cd4-3d0e-4712-94ae-856b727c1bf7,frisian.clothing,available,19.99,46.99,medium,low,7,name.com,,,18/08/2026 15:59
9c1933ae-c121-4167-94d4-88245b637574,cupboard.clothing,available,32.99,32.99,high,low,8,namesilo,,,24/09/2026 15:58
fb5ccac0-ab45-4b45-9e9b-53e267672389,capitate.clothing,available,19.99,46.99,medium,low,8,name.com,,,11/08/2026 17:57
89ccb762-f20a-4c19-8b24-013451c038b5,manned.clothing,available,19.99,46.99,high,low,6,name.com,,,24/08/2026 15:16
f5d46a6e-a76d-44b8-8a88-29ad429d5733,venter.clothing,available,32.99,32.99,medium,low,6,namesilo,,,16/09/2026 14:46
3aab47e9-7174-4742-b1fb-e7a816cb141a,lerner.clothing,available,32.99,32.99,high,low,6,namesilo,,,18/09/2026 01:44
31aae764-5c8b-4809-9f9c-4af930898ce3,wei.clothing,available,31.98,35.68,high,low,3,namecheap,,,25/09/2026 10:59
ece4f856-8f4b-41d6-a9ad-c2b38c73f12a,lighten.clothing,available,19.99,,high,low,7,name.com,,,
68dc7d9c-8e07-4baa-b754-11cbe3881d23,arrests.clothing,available,31.98,35.68,medium,low,7,namecheap,,,20/09/2026 19:12
8c4f4bfe-f924-4e82-9253-08c96362acc3,idealistic.clothing,available,19.99,46.99,high,low,10,name.com,,,17/08/2026 15:48
6ef47931-2371-4d8c-b700-e00a2b74a662,omnibus.clothing,available,31.98,35.68,high,low,7,namecheap,,,04/09/2026 02:30
a3172e23-5d59-469a-9b2e-5dee124e34c4,etcetera.clothing,available,31.98,35.68,high,low,8,namecheap,,,13/09/2026 19:52
1194b6fd-9b69-468c-86e0-85670a1925cc,asexuality.clothing,available,32.99,32.99,high,low,10,namesilo,,,20/09/2026 13:33
5387514a-403c-4877-a459-1cb6f3c7a9e0,hic.clothing,available,19.99,,high,low,3,name.com,,,
b242e00f-6df8-46fc-978b-4580e9627186,stepmother.clothing,available,19.99,,high,low,10,name.com,,,
2caf1998-f5a7-4d8c-be4b-29804496a0ed,hesperian.clothing,available,19.99,46.99,medium,low,9,name.com,,,21/08/2026 07:27
531242f3-cdb5-434b-aae7-d04150e771cf,rogue.clothing,available,19.99,,high,low,5,name.com,,,
59a6fdee-7cba-40f3-bce9-0fd22d88cf8b,pallid.clothing,available,31.98,35.68,medium,low,6,namecheap,,,04/09/2026 23:51
ea889f8e-a301-4f69-abee-75e4d679fe07,powers.clothing,available,19.99,,high,low,6,name.com,,,
f4cc37e4-3137-46c5-adc2-cf03d6dd566c,conjugate.clothing,available,19.99,46.99,high,low,9,name.com,,,12/08/2026 22:11
bf76d82a-cf8d-4c0c-9b95-055e89f110bb,zag.clothing,premium,78.54,78.54,high,low,3,namesilo,,,13/09/2026 15:17
0e743639-434a-443b-9813-76e99f30ce95,llp.clothing,available,19.99,,high,low,3,name.com,,,
d0e9745b-1276-447b-a7e6-cc56e8d50408,tempers.clothing,available,31.98,35.68,medium,low,7,namecheap,,,20/09/2026 14:00
dddaa25d-a10e-4ab4-bb71-02ffa481c86d,coupled.clothing,available,19.99,46.99,high,low,7,name.com,,,12/08/2026 22:15
14e69924-5875-4f13-8fd9-1763d719f24b,fertility.clothing,available,31.98,35.68,high,low,9,namecheap,,,23/09/2026 21:05
2d018286-68b8-4588-b37a-3c0acc51c42d,deadly.clothing,available,32.99,32.99,medium,low,6,namesilo,,,22/09/2026 16:43
a5d1d880-d60e-4397-a5a0-435c145e3e4d,algebraist.clothing,available,31.98,35.68,medium,low,10,namecheap,,,18/09/2026 06:55
09d84257-be71-4aac-ba3e-89da41bf1b2b,dairy.clothing,available,32.99,32.99,high,low,5,namesilo,,,26/09/2026 00:42
e4a94e9a-d530-4e4b-888c-58ae05144ced,megabucks.clothing,available,32.99,32.99,high,low,9,namesilo,,,23/09/2026 14:11
0cfd35c4-9793-413a-ada7-147fab749e20,slovak.clothing,available,32.99,32.99,high,low,6,namesilo,,,25/09/2026 10:44
cc3aea73-adc3-4f0d-ba43-1b8705ad399e,wafers.clothing,available,32.99,32.99,medium,low,6,namesilo,,,20/09/2026 21:54
99018c07-f5bd-4c59-b74c-e9dbeb1f1ea7,operation.clothing,available,31.98,35.68,high,low,9,namecheap,,,25/09/2026 04:49
c6b3af0f-824e-4248-9fd7-5846a2d8da5d,wheels.clothing,available,32.99,32.99,high,low,6,namesilo,,,17/09/2026 12:21
9537dbfd-385c-4324-afaa-f410d4cd9a4a,ashir.clothing,available,32.99,32.99,medium,low,5,namesilo,,,20/09/2026 13:53
3563c39d-006c-4627-9fa3-b1cbfb405bb2,aerolite.clothing,available,19.99,46.99,medium,low,8,name.com,,,17/09/2026 13:06
5eab024f-270b-40aa-9a62-df12b1494d49,inured.clothing,available,19.99,46.99,medium,low,6,name.com,,,17/08/2026 10:01
569675a3-f1fd-4521-bb97-c69198a8e32b,den.clothing,premium,78.54,78.54,high,low,3,namesilo,,,24/09/2026 21:50
05408352-f576-4e82-a341-1a06944beac4,vitaliser.clothing,available,32.99,32.99,medium,low,9,namesilo,,,19/09/2026 09:12
3c04ebd2-03e2-4c2e-8be3-b2639a60ac73,contrasting.clothing,available,19.99,,high,low,11,name.com,,,
a898cc0f-99b8-4613-b1d1-1dfc86c60c97,menopausal.clothing,available,19.99,46.99,medium,low,10,name.com,,,24/08/2026 20:15
f0c0087a-bc01-4c80-a732-1bb933c8fc43,strained.clothing,available,31.98,35.68,high,low,8,namecheap,,,23/09/2026 21:17
0d7f3bc5-c493-4840-b98a-512db7e32079,collision.clothing,available,19.99,,high,low,9,name.com,,,
d48d2dbe-c79c-4d03-ba64-59a103695dc4,anathemise.clothing,available,19.99,46.99,low,low,10,name.com,,,13/08/2026 16:25
4065357b-984a-4fa6-9016-b91e6fa4a4fa,gladly.clothing,available,19.99,46.99,high,low,6,name.com,,,17/08/2026 20:47
43284a46-7e51-41ff-a616-847e68bec124,treatment.clothing,available,32.99,32.99,high,low,9,namesilo,,,23/09/2026 08:47
826ede53-ae10-4237-87d2-f8400b4040c6,media.clothing,available,19.99,,high,medium,5,name.com,,,
63b763bb-7ce3-40ae-82fa-03e670b40013,apprentice.clothing,available,32.99,32.99,high,low,10,namesilo,,,19/09/2026 22:15
8af3ca0c-df73-47ee-8b64-0b6e4d5772d3,pools.clothing,available,31.98,35.68,high,low,5,namecheap,,,16/09/2026 13:57
778a6550-994a-4150-9463-fa9d9e33f05f,absorbance.clothing,available,31.98,35.68,high,low,10,namecheap,,,16/09/2026 18:11
1b5a8e67-862b-49b4-b9a8-cf57cfd6afa2,jack.clothing,premium,78.54,78.54,high,medium,4,namesilo,,,
742b0088-d4a5-40b9-b22d-fe4d96357876,viciously.clothing,available,19.99,46.99,medium,low,9,name.com,,,14/09/2026 01:35
44884937-6ffb-49b0-98e6-7544e227256c,laden.clothing,available,19.99,46.99,medium,low,5,name.com,,,22/08/2026 18:30
82dfc947-6f4e-4247-8e96-d71c015cdc8b,amusement.clothing,available,32.99,32.99,high,low,9,namesilo,,,26/09/2026 00:23
1845b662-892a-44aa-97f8-a1d9022ae46c,gimpy.clothing,available,19.99,46.99,medium,low,5,name.com,,,13/08/2026 07:05
814fc577-f17a-41c1-8596-32c10853c351,atp.clothing,available,19.99,,high,low,3,name.com,,,
c51fef14-586b-4880-ab24-8725a0c70129,gestural.clothing,available,19.99,46.99,medium,low,8,name.com,,,18/08/2026 22:57
1967dd52-0b7b-49f9-911a-dd826542ef19,tubed.clothing,available,31.98,35.68,medium,low,5,namecheap,,,11/09/2026 20:56
1ec8729d-dc0e-4fb7-b354-dff86c772201,iraki.clothing,available,19.99,46.99,medium,low,5,name.com,,,22/08/2026 09:37
bb36f748-895b-4bc2-8786-9fe0512a73ed,aftermath.clothing,available,32.99,32.99,high,low,9,namesilo,,,17/09/2026 15:43
f9eb7f9a-72e8-4858-8793-da4933d1777e,attested.clothing,available,19.99,46.99,medium,low,8,name.com,,,07/08/2026 15:41
b34a02bd-af06-4168-a47e-0a1f99e6e0dc,flavourful.clothing,available,19.99,46.99,medium,low,10,name.com,,,18/08/2026 07:06
91df1faf-eb9c-445a-9028-ad18ea761f82,altruist.clothing,available,19.99,,high,low,8,name.com,,,
e29cbb57-59e8-49ee-b541-bb4b98e19f58,submersed.clothing,available,31.98,35.68,medium,low,9,namecheap,,,10/09/2026 23:32
a03007e3-ba7d-45bc-ace9-d3deaa04e7b2,nightmare.clothing,available,19.99,,high,low,9,name.com,,,
f9f5d546-ca4c-4269-8ac8-433e04fffe97,steelyard.clothing,available,31.98,35.68,medium,low,9,namecheap,,,22/09/2026 19:57
bd53baac-b179-4c30-9db2-ad4fbc523107,backpack.clothing,available,19.99,,high,low,8,name.com,,,
5592cb94-53cf-43a0-94ff-900f601cc678,highly.clothing,available,19.99,,high,low,6,name.com,,,
fc4d7466-e0f2-458f-a8e4-25a8eb3406c0,prominent.clothing,available,19.99,,high,low,9,name.com,,,
aed5e2aa-a764-48ca-bad6-60786cc24a5b,anarchism.clothing,available,31.98,35.68,medium,low,9,namecheap,,,19/09/2026 02:24
ea998397-8503-405f-bac2-1a3914c49456,prosthetic.clothing,available,31.98,35.68,high,low,10,namecheap,,,09/09/2026 03:55
1ddcf4a8-f716-4d27-b6c9-a68f9241519d,unknowable.clothing,available,31.98,35.68,medium,low,10,namecheap,,,12/09/2026 14:17
017c8a9f-c18a-4089-baa4-045b5411022c,chatoyant.clothing,available,19.99,46.99,medium,low,9,name.com,,,12/08/2026 03:13
d3b1a509-2360-4f13-b91f-1cb52116a57b,november.clothing,available,19.99,,high,low,8,name.com,,,
2dafa182-7c83-4be1-ad0f-cba8c357e377,tatty.clothing,available,19.99,46.99,high,low,5,name.com,,,18/08/2026 06:42
b6f763ca-0fe7-4469-905b-529c2142e852,arouse.clothing,available,19.99,46.99,high,low,6,name.com,,,07/08/2026 23:59
9e12d908-8d67-4beb-a897-94d1758e8931,nonmetric.clothing,available,31.98,35.68,medium,low,10,namecheap,,,03/09/2026 18:30
b96afcc6-68bc-449a-a509-2202b4c09f19,sees.clothing,available,19.99,46.99,medium,low,4,name.com,,,
83ba57dc-7c70-40f8-8e9f-fde10d734725,unearned.clothing,available,31.98,35.68,medium,low,8,namecheap,,,12/09/2026 08:43
402de5a5-ebde-448d-9f74-4b3feb1661f6,aggression.clothing,available,32.99,32.99,medium,low,10,namesilo,,,17/09/2026 17:29
ee4a5b52-daff-411b-ace1-9a72fdc079c9,armlet.clothing,available,31.98,35.68,high,low,6,namecheap,,,20/09/2026 06:20
32c5a7f2-3b30-4bd0-8020-3a803f4d612c,dustbin.clothing,available,32.99,32.99,high,low,7,namesilo,,,20/09/2026 13:42
8258d075-0c24-407c-9cb9-fa1f31cded7d,carbonated.clothing,available,19.99,46.99,medium,low,10,name.com,,,11/08/2026 18:39
87448c9c-cf85-4b1a-84a5-13e710ae23bc,smoothly.clothing,available,31.98,35.68,high,low,8,namecheap,,,16/09/2026 02:56
92256455-1179-465a-b9ac-12ddcf428d7e,unseeable.clothing,available,19.99,46.99,medium,low,9,name.com,,,22/08/2026 09:08
769fc0fa-5077-4244-8f0d-3f9282cd96af,biometry.clothing,available,31.98,35.68,high,low,8,namecheap,,,23/09/2026 18:35
a67d04c2-1f70-4979-9a76-1afe12beace7,eager.clothing,available,32.99,32.99,high,low,5,namesilo,,,24/09/2026 12:48
a0936236-fc2a-4128-8ade-8bd0abd13527,coaches.clothing,available,32.99,32.99,medium,low,7,namesilo,,,20/09/2026 07:46
9895434d-4ad8-4b86-aae6-2de6d9eef28f,relations.clothing,available,19.99,,high,low,9,name.com,,,
1e8cc4ea-2c3e-4a27-b0f4-0771061dcc71,forty.clothing,available,19.99,46.99,high,low,5,name.com,,,
27d8d955-4177-4657-951d-a7ef0c7691b1,err.clothing,premium,78.54,78.54,high,low,3,namesilo,,,
0788fe8a-a158-48e3-a99a-a6c1bffebeff,revenue.clothing,available,19.99,,high,low,7,name.com,,,
57f317f7-c1fa-4c10-a88a-ac6282969de2,papal.clothing,available,19.99,46.99,medium,low,5,name.com,,,06/08/2026 04:09
df8ebe07-2d52-4dbc-88f6-896f1040d0e2,tofu.clothing,available,31.98,35.68,high,low,4,namecheap,,,22/09/2026 20:09
cc310a3f-0ff0-415b-8fde-c900349e1095,onager.clothing,available,32.99,32.99,medium,low,6,namesilo,,,20/09/2026 00:38
94d357eb-a81e-41d3-b69c-53f644480735,illusory.clothing,available,19.99,46.99,medium,low,8,name.com,,,21/08/2026 20:15
0702a426-aba3-42b7-8d7c-d26fbdf06ed0,pulled.clothing,available,19.99,,high,low,6,name.com,,,
d3a99a7d-0f2b-49a2-bc65-e858b04e2dc4,auger.clothing,available,32.99,32.99,medium,low,5,namesilo,,,21/09/2026 03:19
2e05d7c5-5e30-4dab-a4e1-cdd171473006,futurist.clothing,available,19.99,46.99,high,low,8,name.com,,,18/08/2026 19:19
bcd00467-0138-4fba-8d25-e64bb6a0b269,sesame.clothing,available,32.99,32.99,high,low,6,namesilo,,,23/09/2026 08:27
72e858f1-78dd-49c0-a764-e4d70586734a,abroach.clothing,available,19.99,46.99,medium,low,7,name.com,,,
5d877b79-e0cc-435b-a7ff-3f179825deb9,cytologic.clothing,available,19.99,46.99,medium,low,9,name.com,,,13/08/2026 14:39
ac00dcd3-7ede-4c4c-80af-2835563cbe0f,ersatz.clothing,available,19.99,46.99,medium,low,6,name.com,,,17/08/2026 13:03
80dc44ea-9b95-40de-bbdd-2afe74d48057,extravert.clothing,available,19.99,46.99,high,low,9,name.com,,,17/08/2026 19:28
f4bc2487-89e5-4efc-ad6c-29a9c59454f7,tarnish.clothing,available,19.99,46.99,medium,low,7,name.com,,,24/08/2026 12:50
109921cf-c332-4d97-a7ee-f6d3d91dc3e5,algiers.clothing,available,32.99,32.99,medium,low,7,namesilo,,,18/09/2026 06:59
1d229066-246c-4cd2-8bf7-bc1ae8426712,clone.clothing,available,32.99,32.99,high,low,5,namesilo,,,24/09/2026 15:51
2b5fff25-8511-4085-b67d-62843426f95f,common.clothing,available,32.99,32.99,high,low,6,namesilo,,,23/09/2026 15:53
396029c7-43c8-4f63-9ab0-14d161d8a449,borne.clothing,available,19.99,,high,low,5,name.com,,,
6718429c-b467-4ec0-b61f-34627dd532d4,axletree.clothing,available,31.98,35.68,medium,low,8,namecheap,,,21/09/2026 10:27
a7699e07-fb05-4bdc-953a-1d2c8f0ffef2,producing.clothing,available,19.99,,medium,low,9,name.com,,,
e0843c80-96a1-4a21-bde8-24166c477566,fetal.clothing,available,19.99,46.99,high,low,5,name.com,,,18/08/2026 02:16
4ecdb9a8-1231-4b8e-b8c5-70961c13c260,wanly.clothing,available,31.98,35.68,low,low,5,namecheap,,,16/09/2026 11:19
394aa32e-9028-41ba-94a5-670482ecc8a5,remainder.clothing,available,19.99,46.99,high,low,9,name.com,,,09/09/2026 15:03
db863c54-58fd-42f0-9d48-eac634738b13,dumpy.clothing,available,19.99,46.99,medium,low,5,name.com,,,14/08/2026 21:10
08fbb0c7-1a12-43c3-9b71-515f3b39d28a,badger.clothing,available,32.99,32.99,high,low,6,namesilo,,,21/09/2026 17:01
0b8dc11c-5ad9-4615-ac67-5333ac36f905,isotropic.clothing,available,19.99,46.99,high,low,9,name.com,,,22/08/2026 11:28
31279dac-e4bc-4434-859c-27b42f537b72,stilly.clothing,available,19.99,46.99,low,low,6,name.com,,,10/09/2026 20:35
b34ac1ef-bd58-4756-acb8-7e11b208849b,foursome.clothing,available,19.99,46.99,high,low,8,name.com,,,
f189562f-8517-4672-b2d9-3ccfc6d8d3b5,kilometre.clothing,available,19.99,,high,low,9,name.com,,,
bc595199-a360-4140-813d-7df4b211d0ea,junkie.clothing,available,32.99,32.99,medium,low,6,namesilo,,,17/09/2026 06:51
2a47a080-66c7-4f96-aa15-ba68510d9135,migrant.clothing,available,19.99,46.99,high,low,7,name.com,,,24/08/2026 22:47
b73b6b2e-01e9-4beb-a987-19a1a9622dd9,bitstock.clothing,available,32.99,32.99,medium,low,8,namesilo,,,23/09/2026 22:47
ebc99913-59b6-4abd-9a47-9ba972ac48ad,bassoonist.clothing,available,32.99,32.99,medium,low,10,namesilo,,,22/09/2026 12:33
242f8e07-1250-422a-bee2-3b6d653ef90f,circularly.clothing,available,31.98,35.68,medium,low,10,namecheap,,,14/09/2026 06:55
26d20c0f-118c-4395-9d9e-6cadee8423d5,bazaar.clothing,available,31.98,35.68,high,low,6,namecheap,,,22/09/2026 18:20
2393359a-ba60-408a-8d91-8657bd9d76bc,anlage.clothing,available,32.99,32.99,medium,low,6,namesilo,,,19/09/2026 09:53
f9ae12cc-cafd-4f97-9f19-35d385281d61,thin.clothing,available,19.99,46.99,high,low,4,name.com,,,14/08/2026 07:47
33a15225-c684-4fe5-acd4-afff27d5b27a,convict.clothing,available,31.98,35.68,high,low,7,namecheap,,,24/09/2026 17:58
d5780bed-547c-491b-a2cc-937e7f36154d,blasphemer.clothing,available,32.99,32.99,medium,low,10,namesilo,,,24/09/2026 04:14
dee0ce42-a68b-4289-9f42-8e9d90161dd6,umber.clothing,available,31.98,35.68,high,low,5,namecheap,,,11/09/2026 22:59
3fd61723-f2d5-4b0b-9be8-3d7768a60a52,quieted.clothing,available,31.98,35.68,medium,low,7,namecheap,,,20/09/2026 16:24
b67adb5b-53b4-4f5a-98b8-bc4edd2a481a,jumping.clothing,available,31.98,35.68,high,low,7,namecheap,,,08/09/2026 06:49
0ba682d5-f25b-4cb6-a892-c86d13df60bb,bitt.clothing,available,32.99,32.99,medium,low,4,namesilo,,,23/09/2026 22:49
301f4a9b-3455-4baf-ae34-5be160cc559e,pressed.clothing,available,19.99,,high,low,7,name.com,,,
9d423b48-0c53-4826-b456-232463412c4d,conceit.clothing,available,32.99,32.99,high,low,7,namesilo,,,18/09/2026 22:51
a5c1bbbd-8e49-4e3a-b0ae-3fb34c288730,cretin.clothing,available,19.99,46.99,medium,low,6,name.com,,,21/08/2026 20:26
df52db65-1e7b-4e98-afa4-60cca09fd6e7,hooved.clothing,available,19.99,46.99,medium,low,6,name.com,,,21/08/2026 13:42
efb52c25-8977-44f1-a1c3-de62063252d0,balancer.clothing,available,31.98,35.68,high,low,8,namecheap,,,21/09/2026 20:52
eed010dd-ba3d-47d4-aaf5-895600c3fcd3,semitic.clothing,available,31.98,35.68,medium,low,7,namecheap,,,10/09/2026 03:32
b673c0ba-4f81-4519-9368-98ff2003919b,arizonan.clothing,available,31.98,35.68,medium,low,8,namecheap,,,20/09/2026 06:05
007d0a75-ac9f-4af9-873d-a4baa6064241,wash.clothing,available,19.99,,high,low,4,name.com,,,
e1a0128d-5f85-4915-b05c-4aeee1248324,cadent.clothing,available,19.99,46.99,medium,low,6,name.com,,,11/08/2026 12:48
79f541a6-cedc-42db-8d58-fb4c3418d0f4,dromedary.clothing,available,32.99,32.99,medium,low,9,namesilo,,,19/09/2026 23:32
42849e2c-277a-43b1-a23a-b426fe09d811,adelaide.clothing,available,32.99,32.99,high,low,8,namesilo,,,17/09/2026 07:13
0da305eb-2e8e-42da-a92e-8311f9b1f8e2,comb.clothing,available,32.99,32.99,high,low,4,namesilo,,,24/09/2026 16:22
df8b7ae9-8a36-4849-86c6-de34583bc52d,viridity.clothing,available,19.99,46.99,high,low,8,name.com,,,20/08/2026 19:47
5c81398c-0eb7-48a2-8e41-4858ba66e764,zoomed.clothing,available,31.98,35.68,medium,low,6,namecheap,,,18/09/2026 03:48
612e8476-a4f2-43ab-af45-d7e36265feaa,counterfeits.clothing,available,31.98,35.68,low,low,12,namecheap,,,19/09/2026 21:40
3db41d2c-9943-41a3-8afb-023405e5a2b4,digitizer.clothing,available,32.99,32.99,high,low,9,namesilo,,,19/09/2026 01:49
d1bd0e34-7943-4aea-96a9-055d6fcd99fe,ironlike.clothing,available,19.99,46.99,medium,low,8,name.com,,,22/08/2026 10:10
4a6e0d9e-3407-44f6-95be-bc6dd803eefb,berk.clothing,available,32.99,32.99,medium,low,4,namesilo,,,23/09/2026 09:31
ba595f79-282b-4564-9b43-bb80265b6ecc,streisand.clothing,available,32.99,32.99,high,low,9,namesilo,,,22/09/2026 05:03
2b43e8af-da5d-45ce-b9c6-bfc6243d26c6,benjamin.clothing,available,32.99,32.99,high,low,8,namesilo,,,20/09/2026 12:34
ee48a2c9-f1ce-48a8-93d1-41c7b9735e8c,honorable.clothing,available,19.99,46.99,high,low,9,name.com,,,21/08/2026 13:21
82784894-93b3-4b38-97fc-82873c1c910c,creditable.clothing,available,19.99,46.99,high,low,10,name.com,,,13/08/2026 05:54
2cd1da54-9fbf-41cd-8a8b-1e7dd6e78b6b,coulomb.clothing,available,32.99,32.99,medium,low,7,namesilo,,,18/09/2026 23:08
14bf4de1-d58f-42eb-aa34-09b30169e0c4,basotho.clothing,available,32.99,32.99,medium,low,7,namesilo,,,22/09/2026 11:35
2ad3117d-cbec-4ca5-ad65-0b557a37599c,beaming.clothing,available,19.99,46.99,high,low,7,name.com,,,09/08/2026 04:03
cb1cba96-0771-4045-b3a2-73b488761289,unmediated.clothing,available,31.98,35.68,medium,low,10,namecheap,,,12/09/2026 15:32
79c10325-431c-4ff9-abd7-04476c1b1bd4,aurous.clothing,available,19.99,46.99,medium,low,6,name.com,,,07/08/2026 17:31
5987caae-b3a1-48a4-b2f4-4d09714accf9,uncreative.clothing,available,31.98,35.68,medium,low,10,namecheap,,,12/09/2026 06:24
68e7fee8-150b-468c-a9a6-ca97f8e317e2,recoil.clothing,available,32.99,32.99,high,low,6,namesilo,,,21/09/2026 15:32
31e07352-7ccc-4336-ae3e-cfa9b9d9ac2d,production.clothing,available,31.98,35.68,high,low,10,namecheap,,,19/09/2026 18:56
114f22f4-61f5-4e1d-becd-91681d33dd83,arm.clothing,premium,78.54,78.54,high,medium,3,namesilo,,,
0529dad6-7e43-473b-ae68-50c5de04469b,margosa.clothing,available,32.99,32.99,medium,low,7,namesilo,,,20/09/2026 05:43
a8b8c8b4-b2fa-485c-a1d5-b5bf7735fc57,wages.clothing,available,19.99,,high,low,5,name.com,,,
15a65b74-8c66-43d7-a6cd-60a2b43370e6,adjective.clothing,available,19.99,46.99,high,low,9,name.com,,,
d4ef8135-d34a-49b9-8efd-efaef218af6b,alb.clothing,premium,38.94,38.94,high,low,3,namesilo,,,18/09/2026 02:20
b55769ac-87cb-48bc-8693-55eb3af34a79,wyrd.clothing,available,31.98,35.68,medium,low,4,namecheap,,,13/09/2026 10:11
95865b48-36a9-48b2-be6a-a393a02bed32,passports.clothing,available,32.99,32.99,medium,low,9,namesilo,,,20/09/2026 09:52
bffff3c8-d05e-4b7e-ac46-0229d77a1022,grands.clothing,available,32.99,32.99,medium,low,6,namesilo,,,20/09/2026 04:57
5bd54648-d655-49b4-86fa-c39c76618b70,york.clothing,premium,78.54,78.54,high,low,4,namesilo,,,
398b82cd-b80d-48bd-9972-8a693de85f0e,hermann.clothing,available,31.98,35.68,high,low,7,namecheap,,,20/09/2026 07:11
ef9d1840-e8b6-4465-a252-ceaa69224097,watches.clothing,available,31.98,35.68,high,low,7,namecheap,,,16/09/2026 10:07
8027db29-550b-43bc-ab83-f28fe4fc2db3,documental.clothing,available,19.99,46.99,medium,low,10,name.com,,,14/08/2026 14:27
4b5e03e8-36cc-47c0-8c3b-d51d256f9cfb,aegean.clothing,available,19.99,46.99,high,low,6,name.com,,,
6edab22a-48fa-4456-b0b7-0df738c7f213,oyster.clothing,available,19.99,,high,low,6,name.com,,,
a2fe3b76-eece-4482-a37c-b834a5976ded,sunless.clothing,available,19.99,46.99,medium,low,7,name.com,,,12/08/2026 12:31
317801c7-c143-4083-84f1-b6405b8a5d61,fastest.clothing,available,31.98,35.68,high,low,7,namecheap,,,14/09/2026 17:49
cb5f8fd0-4810-4c8b-afd7-3d57381b93cc,manner.clothing,available,19.99,,high,low,6,name.com,,,
7125e17c-1825-42b2-b916-f1f2b84132f6,hitting.clothing,available,32.99,32.99,high,low,7,namesilo,,,25/09/2026 07:22
b8e122fd-195b-41ad-aab3-f12ec91c373e,denominations.clothing,available,32.99,32.99,low,low,13,namesilo,,,21/09/2026 00:01
a9c095f0-0a4a-4ff0-925d-996570cc3408,paved.clothing,available,31.98,35.68,high,low,5,namecheap,,,08/09/2026 10:53
9f200ab1-e31f-4ce3-9621-9515972d7fed,burbling.clothing,available,19.99,46.99,medium,low,8,name.com,,,11/08/2026 10:10
cea6d621-b456-42b5-9e28-36ac4c25c95b,absorbent.clothing,available,19.99,46.99,high,low,9,name.com,,,
ff08de10-0a8f-4eb5-b283-b54aaf6f763e,yielding.clothing,available,31.98,35.68,high,low,8,namecheap,,,13/09/2026 14:36
3541078b-b0ef-48bb-a4b7-06b714babdfc,outgoing.clothing,available,19.99,46.99,high,low,8,name.com,,,18/08/2026 12:37
d1e807b9-b042-4cb3-a88d-edc5a0352ce0,flossy.clothing,available,19.99,46.99,high,low,6,name.com,,,14/08/2026 17:44
a8143aca-e6d5-4a17-a502-10bf54f4bd47,unimportant.clothing,available,19.99,,medium,low,11,name.com,,,
98fd1f3b-4090-4a5b-89ec-b881570982ad,flammable.clothing,available,19.99,46.99,high,low,9,name.com,,,18/08/2026 06:32
d68f96bb-31cb-4016-a23b-da8b0c92ecb6,hysterical.clothing,available,19.99,46.99,medium,low,10,name.com,,,21/08/2026 17:22